Word,Frequency,Rank
the,4844,1
and,4672,2
was,2385,3
her,2381,4
not,2101,5
she,1778,6
that,1730,7
you,1677,8
had,1606,9
for,1321,10
have,1301,11
with,1187,12
very,1151,13
but,1148,14
his,1088,15
Emma,865,16
all,835,17
could,825,18
would,815,19
been,759,20
him,758,21
Mrs,699,22
any,651,23
Miss,592,24
were,591,25
must,564,26
She,562,27
will,559,28
which,552,29
from,535,30
Harriet,506,31
said,484,32
much,478,33
more,464,34
are,447,35
such,440,36
Weston,439,37
what,434,38
them,432,39
there,420,40
this,418,41
than,415,42
one,413,43
thing,398,44
every,398,45
they,392,46
Knightley,389,47
Elton,385,48
think,380,49
should,366,50
The,357,51
being,356,52
little,354,53
never,347,54
good,340,55
know,337,56
your,337,57
did,335,58
only,327,59
might,322,60
well,315,61
Woodhouse,313,62
when,312,63
say,308,64
You,303,65
own,301,66
Jane,301,67
their,297,68
But,293,69
who,281,70
herself,279,71
now,273,72
time,272,73
can,270,74
quite,269,75
great,263,76
how,263,77
too,253,78
some,248,79
about,246,80
most,243,81
has,243,82
before,243,83
Fairfax,241,84
nothing,237,85
always,235,86
man,233,87
thought,226,88
And,224,89
Churchill,223,90
soon,221,91
see,220,92
other,220,93
again,219,94
dear,217,95
may,213,96
out,212,97
shall,212,98
without,211,99
first,209,100
Frank,208,101
father,207,102
sure,204,103
made,199,104
like,199,105
body,193,106
day,190,107
young,190,108
ever,189,109
indeed,181,110
friend,177,111
two,171,112
though,169,113
better,166,114
into,163,115
Hartfield,160,116
just,159,117
come,159,118
give,157,119
way,155,120
really,153,121
make,152,122
then,150,123
They,148,124
Bates,148,125
himself,146,126
rather,145,127
having,145,128
long,144,129
hope,143,130
done,142,131
seemed,141,132
after,140,133
over,139,134
away,138,135
cannot,138,136
wish,134,137
many,133,138
here,133,139
upon,133,140
home,130,141
enough,129,142
woman,129,143
There,129,144
mind,128,145
does,125,146
Highbury,125,147
even,122,148
happy,122,149
moment,120,150
heard,120,151
last,119,152
came,119,153
going,118,154
its,118,155
room,117,156
love,117,157
take,116,158
half,116,159
look,116,160
however,114,161
pleasure,114,162
felt,113,163
while,113,164
sort,112,165
morning,110,166
letter,109,167
still,109,168
saw,108,169
How,108,170
This,108,171
yet,106,172
another,106,173
poor,106,174
few,106,175
something,105,176
myself,102,177
feelings,102,178
same,102,179
What,102,180
believe,101,181
hear,100,182
idea,100,183
off,99,184
speak,99,185
doubt,98,186
subject,97,187
party,96,188
evening,96,189
till,95,190
feel,95,191
house,95,192
ought,94,193
word,94,194
people,93,195
right,92,196
place,92,197
found,92,198
deal,92,199
looked,91,200
John,90,201
Randalls,90,202
certainly,90,203
often,90,204
our,89,205
Smith,89,206
want,89,207
present,89,208
coming,89,209
knew,88,210
Her,88,211
Yes,88,212
almost,87,213
those,87,214
Well,86,215
visit,86,216
least,85,217
best,85,218
old,85,219
Martin,85,220
possible,84,221
both,83,222
hour,83,223
once,82,224
friends,82,225
kind,82,226
cried,81,227
perhaps,81,228
world,81,229
together,81,230
else,80,231
suppose,80,232
Perry,80,233
life,80,234
gone,79,235
replied,79,236
told,78,237
family,77,238
given,77,239
whole,76,240
That,76,241
happiness,76,242
obliged,76,243
manner,75,244
wanted,75,245
find,74,246
tell,73,247
seen,73,248
mother,72,249
able,72,250
lady,72,251
ill,72,252
hardly,71,253
between,71,254
whom,71,255
where,71,256
opinion,71,257
side,71,258
far,70,259
down,70,260
Isabella,69,261
looking,69,262
carriage,69,263
less,68,264
understand,68,265
three,68,266
wife,68,267
left,68,268
get,67,269
back,67,270
short,67,271
person,67,272
ready,66,273
part,66,274
talked,66,275
heart,66,276
pretty,66,277
comfort,65,278
afraid,65,279
extremely,65,280
towards,65,281
perfectly,65,282
situation,64,283
answer,64,284
let,64,285
general,64,286
spirits,64,287
began,64,288
next,63,289
since,63,290
nor,63,291
sir,63,292
put,63,293
marry,63,294
set,63,295
therefore,62,296
daughter,62,297
Cole,61,298
course,61,299
change,61,300
either,61,301
whether,61,302
through,61,303
under,61,304
sorry,61,305
talk,60,306
thinking,60,307
others,60,308
things,60,309
known,60,310
true,60,311
attention,59,312
mean,59,313
account,59,314
Goddard,59,315
dare,59,316
longer,59,317
superior,59,318
assure,59,319
children,59,320
bad,58,321
taken,58,322
His,57,323
equal,57,324
years,57,325
yourself,56,326
state,56,327
degree,56,328
feeling,56,329
sense,56,330
making,56,331
aunt,56,332
return,56,333
passed,55,334
name,55,335
walk,55,336
cold,54,337
gave,54,338
nobody,54,339
leave,54,340
brother,54,341
business,54,342
brought,54,343
minutes,53,344
because,53,345
imagine,53,346
hand,53,347
walked,52,348
beyond,52,349
manners,52,350
talking,52,351
natural,51,352
satisfied,51,353
Campbell,51,354
When,51,355
seeing,51,356
Very,51,357
usual,51,358
directly,51,359
point,51,360
eyes,51,361
exactly,51,362
among,51,363
bear,51,364
care,51,365
saying,51,366
read,50,367
glad,50,368
rest,50,369
agreeable,50,370
days,50,371
affection,50,372
Such,49,373
wonder,49,374
appeared,49,375
Donwell,49,376
used,49,377
words,49,378
society,48,379
wished,48,380
Taylor,48,381
attachment,48,382
these,48,383
means,48,384
door,47,385
voice,47,386
took,47,387
dinner,47,388
girl,47,389
pleased,47,390
interest,47,391
allow,47,392
believed,46,393
went,46,394
son,46,395
each,46,396
giving,46,397
speaking,46,398
near,46,399
against,46,400
likely,46,401
remember,45,402
London,45,403
already,45,404
walking,45,405
air,45,406
doing,45,407
called,44,408
full,44,409
farther,44,410
Dixon,44,411
married,44,412
strong,44,413
smile,44,414
character,43,415
stay,43,416
meant,43,417
hoped,43,418
regard,43,419
ask,43,420
different,42,421
proper,42,422
ladies,42,423
need,42,424
spoke,42,425
call,41,426
afterwards,41,427
fine,41,428
reason,41,429
real,41,430
power,41,431
night,41,432
five,41,433
respect,41,434
particular,40,435
sitting,40,436
beginning,40,437
themselves,40,438
open,40,439
early,40,440
head,40,441
expected,40,442
kindness,40,443
end,40,444
allowed,40,445
nature,40,446
entirely,39,447
meeting,39,448
object,39,449
health,39,450
whose,39,451
question,39,452
help,39,453
creature,39,454
returned,39,455
settled,39,456
delightful,39,457
fond,39,458
round,39,459
pleasant,39,460
One,39,461
Not,39,462
weather,39,463
child,38,464
wrong,38,465
sit,38,466
met,38,467
bring,38,468
fortune,38,469
asked,38,470
fancy,38,471
thoughts,38,472
letters,38,473
Colonel,38,474
continued,38,475
impossible,38,476
use,38,477
sometimes,37,478
yes,37,479
sat,37,480
convinced,37,481
seem,37,482
surprize,37,483
truth,37,484
added,37,485
handsome,37,486
Every,37,487
engaged,37,488
meaning,36,489
received,36,490
necessary,36,491
got,36,492
temper,36,493
Enscombe,36,494
consider,36,495
new,36,496
determined,36,497
appear,36,498
Now,36,499
forward,36,500
probably,36,501
news,35,502
supposed,35,503
taste,35,504
company,35,505
gentleman,35,506
please,35,507
large,35,508
amiable,34,509
husband,34,510
common,34,511
obliging,34,512
marriage,34,513
morrow,34,514
sister,33,515
wanting,33,516
evil,33,517
acquainted,33,518
excellent,33,519
sent,33,520
why,33,521
pain,33,522
perfect,33,523
match,32,524
meet,32,525
face,32,526
keep,32,527
Robert,32,528
neither,32,529
dancing,32,530
ago,32,531
absolutely,32,532
hearing,32,533
surprized,32,534
matter,32,535
case,31,536
begin,31,537
eye,31,538
Maple,31,539
resolution,31,540
except,31,541
Abbey,31,542
persuaded,31,543
Grove,31,544
ball,31,545
engagement,31,546
compliment,31,547
yesterday,31,548
smiling,31,549
danger,31,550
praise,31,551
second,31,552
says,31,553
spoken,31,554
With,30,555
serious,30,556
Poor,30,557
difficulty,30,558
warm,30,559
knows,30,560
worth,30,561
months,30,562
appearance,30,563
fair,30,564
small,30,565
twenty,30,566
drawing,30,567
difference,30,568
anxious,30,569
pass,30,570
papa,30,571
merely,29,572
attentions,29,573
men,29,574
greatest,29,575
within,29,576
four,29,577
greater,29,578
delighted,29,579
cheerful,29,580
beauty,29,581
judgment,29,582
looks,29,583
turned,29,584
followed,29,585
week,29,586
charming,29,587
gratitude,29,588
ten,28,589
taking,28,590
resolved,28,591
turn,28,592
occasion,28,593
forget,28,594
easy,28,595
times,28,596
ashamed,28,597
year,28,598
curiosity,28,599
shew,28,600
worse,28,601
conduct,27,602
companion,27,603
loved,27,604
decided,27,605
spirit,27,606
clever,27,607
parties,27,608
honour,27,609
advantage,27,610
happened,27,611
alone,27,612
notice,27,613
view,27,614
Your,27,615
table,27,616
none,27,617
actually,27,618
style,27,619
odd,26,620
favour,26,621
mentioned,26,622
regret,26,623
fortunate,26,624
friendship,26,625
plan,26,626
knowing,26,627
Let,26,628
knowledge,26,629
late,26,630
aware,26,631
marrying,26,632
sight,26,633
Campbells,26,634
Upon,26,635
pity,26,636
completely,26,637
certain,26,638
tried,26,639
For,26,640
excuse,26,641
mine,25,642
quiet,25,643
attached,25,644
lived,25,645
instrument,25,646
sad,25,647
behaviour,25,648
judge,25,649
sake,25,650
hours,25,651
sensible,25,652
quarter,25,653
vain,25,654
led,25,655
guess,25,656
horses,25,657
Crown,25,658
pay,25,659
silent,25,660
struck,25,661
distance,25,662
tea,24,663
seems,24,664
written,24,665
highly,24,666
music,24,667
also,24,668
hurry,24,669
write,24,670
generally,24,671
standing,24,672
entered,24,673
comes,24,674
spite,24,675
turning,24,676
event,24,677
influence,24,678
fact,24,679
gentlemen,24,680
admiration,24,681
thank,24,682
tone,24,683
especially,24,684
instead,24,685
justice,24,686
country,24,687
purpose,23,688
send,23,689
understood,23,690
beautiful,23,691
join,23,692
self,23,693
chuse,23,694
town,23,695
favourite,23,696
summer,23,697
Henry,23,698
hands,23,699
trying,23,700
note,23,701
became,23,702
Dear,23,703
scheme,23,704
due,23,705
thinks,23,706
loss,23,707
wait,22,708
mistaken,22,709
caught,22,710
observed,22,711
pleasing,22,712
blush,22,713
elegant,22,714
quick,22,715
William,22,716
work,22,717
proof,22,718
service,22,719
whenever,22,720
sweet,22,721
enjoyment,22,722
altogether,22,723
couple,22,724
age,22,725
plain,22,726
claims,22,727
Why,22,728
rain,22,729
kept,22,730
telling,22,731
answered,22,732
dance,22,733
pianoforte,22,734
Eltons,22,735
likeness,21,736
suspect,21,737
niece,21,738
hopes,21,739
safe,21,740
observe,21,741
Indeed,21,742
disposed,21,743
try,21,744
invitation,21,745
weeks,21,746
spent,21,747
picture,21,748
After,21,749
secret,21,750
lately,21,751
delight,21,752
command,21,753
promise,21,754
deserve,21,755
useful,21,756
stand,21,757
Here,21,758
scarcely,21,759
lost,21,760
uncle,21,761
duty,21,762
sudden,20,763
recommend,20,764
fault,20,765
silence,20,766
chance,20,767
suspicion,20,768
otherwise,20,769
intimacy,20,770
expect,20,771
agreed,20,772
smallest,20,773
fixed,20,774
important,20,775
connexion,20,776
past,20,777
charade,20,778
ease,20,779
attempt,20,780
While,20,781
wishes,20,782
imagined,20,783
hers,20,784
reasonable,20,785
fortnight,20,786
presently,20,787
dearest,20,788
complete,20,789
behind,19,790
passing,19,791
delay,19,792
lose,19,793
Have,19,794
paid,19,795
safely,19,796
worst,19,797
calling,19,798
form,19,799
unhappy,19,800
hint,19,801
distress,19,802
Hawkins,19,803
offer,19,804
wrote,19,805
move,19,806
thrown,19,807
anxiety,19,808
eager,19,809
thoroughly,19,810
forgotten,19,811
considered,19,812
Nobody,19,813
Then,19,814
women,19,815
sigh,19,816
mention,19,817
recollect,19,818
makes,19,819
Bath,19,820
single,19,821
road,19,822
James,19,823
Nothing,19,824
Hill,19,825
tired,19,826
speech,19,827
circle,18,828
low,18,829
high,18,830
concern,18,831
simple,18,832
Box,18,833
pride,18,834
amused,18,835
lines,18,836
reflection,18,837
play,18,838
rational,18,839
Perhaps,18,840
angry,18,841
desirable,18,842
worthy,18,843
period,18,844
charge,18,845
listen,18,846
close,18,847
Had,18,848
credit,18,849
occurred,18,850
rate,18,851
spend,18,852
busy,18,853
friendly,18,854
Good,18,855
These,18,856
finding,18,857
equally,18,858
law,18,859
severe,18,860
effect,18,861
arrived,18,862
joy,18,863
gives,17,864
remained,17,865
ourselves,17,866
confidence,17,867
slight,17,868
possibly,17,869
stopped,17,870
views,17,871
prevent,17,872
history,17,873
live,17,874
repeated,17,875
laughing,17,876
wishing,17,877
returning,17,878
living,17,879
exercise,17,880
miles,17,881
dreadful,17,882
wedding,17,883
shewed,17,884
smiled,17,885
inferior,17,886
joined,17,887
dislike,17,888
growing,17,889
Coles,17,890
run,17,891
Did,17,892
promised,17,893
humour,17,894
Weymouth,17,895
However,17,896
alarm,17,897
regular,17,898
warmly,17,899
thousand,16,900
minute,16,901
cause,16,902
laughed,16,903
office,16,904
during,16,905
refuse,16,906
opened,16,907
depend,16,908
welcome,16,909
delicacy,16,910
proved,16,911
education,16,912
neighbours,16,913
future,16,914
conviction,16,915
liked,16,916
agitation,16,917
intended,16,918
gentle,16,919
arm,16,920
reached,16,921
trouble,16,922
cut,16,923
elegance,16,924
ideas,16,925
whatever,16,926
fully,16,927
suffering,16,928
seriously,16,929
mere,16,930
waiting,16,931
snow,16,932
occupied,16,933
admired,16,934
ways,16,935
listened,16,936
line,16,937
getting,16,938
Where,16,939
fire,16,940
Ford,16,941
Thank,16,942
laugh,16,943
amusement,16,944
act,15,945
drawn,15,946
nonsense,15,947
chosen,15,948
Churchills,15,949
concerned,15,950
gratified,15,951
share,15,952
dine,15,953
rooms,15,954
comprehend,15,955
express,15,956
anywhere,15,957
opening,15,958
interested,15,959
nephew,15,960
mistake,15,961
stood,15,962
ground,15,963
agree,15,964
confusion,15,965
hundred,15,966
tolerably,15,967
itself,15,968
value,15,969
reading,15,970
grateful,15,971
invited,15,972
cure,15,973
happily,15,974
belong,15,975
totally,15,976
placed,15,977
assured,15,978
Pray,15,979
prepared,15,980
apples,15,981
required,14,982
absence,14,983
Ireland,14,984
caution,14,985
passage,14,986
proposed,14,987
merit,14,988
visits,14,989
nearly,14,990
powers,14,991
remain,14,992
escape,14,993
produced,14,994
writing,14,995
musical,14,996
assistance,14,997
hold,14,998
sea,14,999
fears,14,1000
favourable,14,1001
advice,14,1002
spring,14,1003
Only,14,1004
order,14,1005
servants,14,1006
immediate,14,1007
staying,14,1008
consent,14,1009
story,14,1010
rich,14,1011
Suckling,14,1012
smiles,14,1013
utmost,14,1014
hair,14,1015
fresh,14,1016
following,14,1017
reply,14,1018
besides,14,1019
persuade,14,1020
master,14,1021
catch,14,1022
habit,14,1023
Can,14,1024
suspected,14,1025
deep,14,1026
tender,14,1027
endeavour,14,1028
Some,14,1029
easily,14,1030
instantly,14,1031
strange,14,1032
infinitely,14,1033
receiving,14,1034
naturally,14,1035
stop,13,1036
winter,13,1037
Who,13,1038
compassion,13,1039
attend,13,1040
wonderful,13,1041
proceeded,13,1042
suit,13,1043
civil,13,1044
boys,13,1045
bride,13,1046
suffer,13,1047
strength,13,1048
evidently,13,1049
admitted,13,1050
Martins,13,1051
harm,13,1052
parting,13,1053
around,13,1054
Richmond,13,1055
unpleasant,13,1056
boy,13,1057
month,13,1058
former,13,1059
sensations,13,1060
paper,13,1061
fit,13,1062
bed,13,1063
prospect,13,1064
solicitude,13,1065
piece,13,1066
Nash,13,1067
burst,13,1068
hearted,13,1069
Was,13,1070
girls,13,1071
post,13,1072
endure,13,1073
blind,13,1074
seldom,13,1075
judged,13,1076
Quite,13,1077
vanity,13,1078
Aye,13,1079
Come,13,1080
objection,13,1081
arrival,13,1082
confess,13,1083
light,13,1084
appears,13,1085
expecting,13,1086
public,13,1087
assist,13,1088
leisure,13,1089
fast,13,1090
Larkins,13,1091
suspicions,13,1092
willing,13,1093
window,13,1094
follow,13,1095
avoid,13,1096
separate,12,1097
advantages,12,1098
lead,12,1099
induced,12,1100
drive,12,1101
above,12,1102
clear,12,1103
throat,12,1104
awkward,12,1105
bye,12,1106
desired,12,1107
frightened,12,1108
misery,12,1109
begun,12,1110
journey,12,1111
Patty,12,1112
material,12,1113
private,12,1114
inquiry,12,1115
breakfast,12,1116
spare,12,1117
touch,12,1118
recovered,12,1119
peace,12,1120
become,12,1121
sound,12,1122
grandmama,12,1123
school,12,1124
habits,12,1125
doors,12,1126
complexion,12,1127
seated,12,1128
declare,12,1129
formed,12,1130
parlour,12,1131
increased,12,1132
becoming,12,1133
increase,12,1134
dining,12,1135
melancholy,12,1136
eat,12,1137
Could,12,1138
thus,12,1139
sooner,12,1140
finished,12,1141
fancying,12,1142
truly,12,1143
size,12,1144
feared,12,1145
break,12,1146
hard,12,1147
exclaimed,12,1148
impatient,12,1149
glance,12,1150
venture,12,1151
questions,12,1152
happen,12,1153
thorough,12,1154
wretched,12,1155
suffered,12,1156
blessing,12,1157
Vicarage,12,1158
earnestly,12,1159
moments,12,1160
preference,12,1161
claim,12,1162
decidedly,12,1163
arranged,12,1164
gallantry,12,1165
silly,12,1166
folly,12,1167
settle,12,1168
proceed,12,1169
sisters,12,1170
importance,12,1171
excepting,11,1172
step,11,1173
wholly,11,1174
families,11,1175
compared,11,1176
Never,11,1177
gallant,11,1178
extreme,11,1179
humble,11,1180
street,11,1181
lay,11,1182
Square,11,1183
borne,11,1184
remarkably,11,1185
nervous,11,1186
tells,11,1187
scruple,11,1188
points,11,1189
lively,11,1190
quarrel,11,1191
garden,11,1192
bringing,11,1193
lovely,11,1194
youth,11,1195
comparison,11,1196
Will,11,1197
companions,11,1198
carriages,11,1199
uneasy,11,1200
seat,11,1201
forced,11,1202
secured,11,1203
miserable,11,1204
add,11,1205
subjects,11,1206
warmth,11,1207
exploring,11,1208
From,11,1209
beg,11,1210
faults,11,1211
Mill,11,1212
message,11,1213
book,11,1214
continue,11,1215
madam,11,1216
closed,11,1217
steady,11,1218
confined,11,1219
paying,11,1220
wit,11,1221
patience,11,1222
places,11,1223
highest,11,1224
persuasion,11,1225
connected,11,1226
pray,11,1227
somebody,11,1228
dream,11,1229
conscious,11,1230
reserve,11,1231
advise,11,1232
Christmas,11,1233
mistress,11,1234
affections,11,1235
luck,11,1236
thanks,11,1237
invite,11,1238
cared,11,1239
prove,11,1240
disengaged,11,1241
entreat,11,1242
kindly,11,1243
accept,11,1244
dependence,11,1245
pork,11,1246
mile,11,1247
mad,11,1248
succeeded,11,1249
hot,11,1250
chair,11,1251
Certainly,11,1252
wants,11,1253
behaved,11,1254
eagerly,11,1255
keeping,11,1256
partner,11,1257
sufficient,11,1258
Brunswick,11,1259
raise,11,1260
laid,11,1261
maid,11,1262
persons,11,1263
fear,11,1264
judging,11,1265
pause,11,1266
distinct,10,1267
uneasiness,10,1268
addition,10,1269
gradually,10,1270
delicate,10,1271
grew,10,1272
daily,10,1273
figure,10,1274
agitated,10,1275
Even,10,1276
pains,10,1277
seeming,10,1278
Smallridge,10,1279
absent,10,1280
England,10,1281
success,10,1282
middle,10,1283
charm,10,1284
sentiment,10,1285
tall,10,1286
rule,10,1287
resolve,10,1288
perfection,10,1289
feels,10,1290
higher,10,1291
syllable,10,1292
positively,10,1293
fell,10,1294
bustle,10,1295
united,10,1296
scruples,10,1297
simplicity,10,1298
resources,10,1299
satisfy,10,1300
cross,10,1301
grounds,10,1302
tempered,10,1303
money,10,1304
grow,10,1305
admit,10,1306
writes,10,1307
Selina,10,1308
supper,10,1309
felicity,10,1310
forming,10,1311
peculiarly,10,1312
safety,10,1313
apparent,10,1314
lucky,10,1315
draw,10,1316
pretend,10,1317
human,10,1318
nice,10,1319
report,10,1320
connexions,10,1321
sunk,10,1322
sick,10,1323
death,10,1324
asking,10,1325
perceived,10,1326
tempted,10,1327
expressed,10,1328
civility,10,1329
six,10,1330
deeply,10,1331
leaving,10,1332
memory,10,1333
deserved,10,1334
attentive,10,1335
dared,10,1336
refused,10,1337
proposal,10,1338
removed,10,1339
intimate,10,1340
deceived,10,1341
Depend,10,1342
unless,10,1343
moving,10,1344
parted,10,1345
Wingfield,10,1346
presume,10,1347
occur,10,1348
ordered,10,1349
preferred,10,1350
honourable,10,1351
direct,10,1352
inquiries,10,1353
certainty,10,1354
fall,10,1355
evils,10,1356
income,10,1357
conveyed,10,1358
shewn,10,1359
begged,10,1360
distant,10,1361
matters,10,1362
liberal,10,1363
All,10,1364
produce,10,1365
happier,10,1366
necessity,10,1367
accepted,10,1368
employment,10,1369
properly,10,1370
court,10,1371
eagerness,10,1372
putting,10,1373
watch,10,1374
loves,9,1375
fix,9,1376
tears,9,1377
ignorant,9,1378
ran,9,1379
trusted,9,1380
baked,9,1381
reproach,9,1382
grown,9,1383
supply,9,1384
visitor,9,1385
Surry,9,1386
concerns,9,1387
clock,9,1388
tolerable,9,1389
choice,9,1390
heavy,9,1391
playing,9,1392
plans,9,1393
horse,9,1394
reserved,9,1395
secure,9,1396
carrying,9,1397
held,9,1398
quietly,9,1399
dread,9,1400
hurrying,9,1401
doubtful,9,1402
instance,9,1403
trifling,9,1404
enjoy,9,1405
continual,9,1406
hesitation,9,1407
valuable,9,1408
expression,9,1409
employed,9,1410
stopt,9,1411
progress,9,1412
prevented,9,1413
soft,9,1414
attended,9,1415
addressing,9,1416
overcome,9,1417
falling,9,1418
sacrifice,9,1419
motive,9,1420
civilities,9,1421
beloved,9,1422
terms,9,1423
admire,9,1424
dull,9,1425
address,9,1426
fairly,9,1427
opinions,9,1428
setting,9,1429
speaks,9,1430
pleasures,9,1431
gruel,9,1432
throw,9,1433
rank,9,1434
increasing,9,1435
shut,9,1436
liberty,9,1437
chose,9,1438
parish,9,1439
Their,9,1440
fellow,9,1441
previous,9,1442
Were,9,1443
collected,9,1444
sink,9,1445
shake,9,1446
receive,9,1447
quickness,9,1448
inquire,9,1449
intentions,9,1450
plaister,9,1451
convince,9,1452
talent,9,1453
forty,9,1454
quitted,9,1455
language,9,1456
governess,9,1457
shame,9,1458
resumed,9,1459
relief,9,1460
card,9,1461
windows,9,1462
failed,9,1463
conceal,9,1464
number,9,1465
shewing,9,1466
pressed,9,1467
Don,9,1468
turns,9,1469
doubted,9,1470
pretence,9,1471
illness,9,1472
foolish,9,1473
named,9,1474
fancied,9,1475
spectacles,9,1476
crowd,8,1477
dangerous,8,1478
acceptable,8,1479
expressing,8,1480
English,8,1481
Much,8,1482
water,8,1483
God,8,1484
visiting,8,1485
coolly,8,1486
reconciled,8,1487
older,8,1488
excuses,8,1489
May,8,1490
evident,8,1491
enter,8,1492
shook,8,1493
leading,8,1494
pardon,8,1495
larger,8,1496
existence,8,1497
cares,8,1498
eldest,8,1499
frequently,8,1500
tete,8,1501
staid,8,1502
displeased,8,1503
constantly,8,1504
protest,8,1505
mixture,8,1506
missed,8,1507
encouraged,8,1508
heat,8,1509
earnest,8,1510
Those,8,1511
Are,8,1512
attraction,8,1513
attending,8,1514
length,8,1515
shop,8,1516
error,8,1517
stronger,8,1518
temptation,8,1519
introduced,8,1520
Something,8,1521
talents,8,1522
passion,8,1523
tongue,8,1524
ended,8,1525
assurance,8,1526
prospects,8,1527
afforded,8,1528
perceive,8,1529
parcel,8,1530
vulgar,8,1531
Westons,8,1532
offence,8,1533
wise,8,1534
principal,8,1535
farmer,8,1536
dress,8,1537
danced,8,1538
horror,8,1539
proud,8,1540
hurried,8,1541
cake,8,1542
aloud,8,1543
depended,8,1544
played,8,1545
entire,8,1546
decision,8,1547
grace,8,1548
Elizabeth,8,1549
support,8,1550
Kingston,8,1551
dreadfully,8,1552
Another,8,1553
Yorkshire,8,1554
grave,8,1555
declined,8,1556
Though,8,1557
entering,8,1558
acting,8,1559
several,8,1560
conscience,8,1561
conclusion,8,1562
exquisite,8,1563
pleasantly,8,1564
frequent,8,1565
propriety,8,1566
End,8,1567
nearer,8,1568
suited,8,1569
amuse,8,1570
earlier,8,1571
grieved,8,1572
Bristol,8,1573
South,8,1574
carry,8,1575
apple,8,1576
supposing,8,1577
abroad,8,1578
comforts,8,1579
instant,8,1580
precious,8,1581
foot,8,1582
describe,8,1583
houses,8,1584
watching,8,1585
hurt,8,1586
natured,8,1587
takes,8,1588
discovery,8,1589
warmest,8,1590
mortified,8,1591
rose,8,1592
cheerfully,8,1593
introduce,8,1594
sore,8,1595
neighbour,8,1596
resentment,8,1597
watched,8,1598
Our,8,1599
offered,8,1600
Cox,8,1601
observing,8,1602
dressed,8,1603
indulgence,8,1604
induce,7,1605
spared,7,1606
personal,7,1607
lives,7,1608
guests,7,1609
dark,7,1610
hall,7,1611
blushed,7,1612
composure,7,1613
apt,7,1614
eating,7,1615
deny,7,1616
barouche,7,1617
detained,7,1618
approach,7,1619
amusing,7,1620
Has,7,1621
matrimony,7,1622
greatly,7,1623
Bragge,7,1624
schemes,7,1625
opposite,7,1626
ceremony,7,1627
Tuesday,7,1628
sweetness,7,1629
hastily,7,1630
twelve,7,1631
astonished,7,1632
smooth,7,1633
trade,7,1634
Till,7,1635
affected,7,1636
spread,7,1637
June,7,1638
trust,7,1639
midst,7,1640
shocked,7,1641
dances,7,1642
wealth,7,1643
active,7,1644
sincerely,7,1645
engage,7,1646
alike,7,1647
indulge,7,1648
cease,7,1649
employ,7,1650
features,7,1651
corner,7,1652
politeness,7,1653
sixteen,7,1654
daughters,7,1655
objects,7,1656
gown,7,1657
upright,7,1658
escaped,7,1659
offering,7,1660
Time,7,1661
sentiments,7,1662
depends,7,1663
taught,7,1664
strongly,7,1665
bore,7,1666
landau,7,1667
unwilling,7,1668
treatment,7,1669
blunder,7,1670
measure,7,1671
disparity,7,1672
goodness,7,1673
apologies,7,1674
birth,7,1675
partial,7,1676
source,7,1677
wherever,7,1678
Before,7,1679
rivet,7,1680
errand,7,1681
engaging,7,1682
endured,7,1683
sending,7,1684
blindness,7,1685
alarmed,7,1686
denying,7,1687
contrary,7,1688
improve,7,1689
require,7,1690
extent,7,1691
female,7,1692
announce,7,1693
moderate,7,1694
forgive,7,1695
spot,7,1696
across,7,1697
destiny,7,1698
lover,7,1699
forgetting,7,1700
pair,7,1701
hitherto,7,1702
domestic,7,1703
occupy,7,1704
chiefly,7,1705
unequal,7,1706
broad,7,1707
hoping,7,1708
gardens,7,1709
expense,7,1710
declared,7,1711
don,7,1712
shock,7,1713
coldness,7,1714
fallen,7,1715
Better,7,1716
rendered,7,1717
thanked,7,1718
precisely,7,1719
brain,7,1720
miss,7,1721
alliance,7,1722
eight,7,1723
Nay,7,1724
complaint,7,1725
Two,7,1726
readily,7,1727
merits,7,1728
tiresome,7,1729
substance,7,1730
arise,7,1731
enjoyed,7,1732
autumn,7,1733
Exactly,7,1734
Saturday,7,1735
impression,7,1736
front,7,1737
seven,7,1738
flutter,7,1739
numbers,7,1740
moved,7,1741
reach,7,1742
anger,7,1743
February,7,1744
intention,7,1745
shade,7,1746
difficult,7,1747
parade,7,1748
listening,7,1749
happiest,7,1750
white,7,1751
symptoms,7,1752
peculiar,7,1753
stir,7,1754
quickly,7,1755
steps,7,1756
guessed,7,1757
Knightleys,7,1758
distinctly,7,1759
unwell,7,1760
removal,7,1761
occasions,7,1762
sanguine,7,1763
creating,6,1764
neat,6,1765
submitted,6,1766
heartily,6,1767
remark,6,1768
unjust,6,1769
regrets,6,1770
disturbed,6,1771
goes,6,1772
accepting,6,1773
prompt,6,1774
paused,6,1775
excited,6,1776
remembered,6,1777
guided,6,1778
yards,6,1779
wine,6,1780
openly,6,1781
saved,6,1782
raised,6,1783
shaken,6,1784
skill,6,1785
calmness,6,1786
season,6,1787
rising,6,1788
damp,6,1789
baby,6,1790
meanwhile,6,1791
terror,6,1792
tenderness,6,1793
nerves,6,1794
force,6,1795
sought,6,1796
blessings,6,1797
qualities,6,1798
collection,6,1799
brilliant,6,1800
lace,6,1801
servant,6,1802
contented,6,1803
afternoon,6,1804
inclined,6,1805
alarming,6,1806
exertion,6,1807
pace,6,1808
notions,6,1809
urge,6,1810
prefer,6,1811
unworthy,6,1812
cautious,6,1813
various,6,1814
probable,6,1815
doubts,6,1816
George,6,1817
resolutely,6,1818
ample,6,1819
betrayed,6,1820
adjoining,6,1821
professed,6,1822
gipsies,6,1823
Sucklings,6,1824
born,6,1825
envy,6,1826
gay,6,1827
Lane,6,1828
depressed,6,1829
motives,6,1830
abominable,6,1831
attempts,6,1832
property,6,1833
changed,6,1834
plea,6,1835
slowly,6,1836
humoured,6,1837
Neither,6,1838
respects,6,1839
drawback,6,1840
liking,6,1841
situations,6,1842
height,6,1843
social,6,1844
creatures,6,1845
deserves,6,1846
twice,6,1847
amiss,6,1848
hence,6,1849
drew,6,1850
exertions,6,1851
sun,6,1852
prevailed,6,1853
involved,6,1854
slow,6,1855
rejoice,6,1856
courage,6,1857
condition,6,1858
animation,6,1859
church,6,1860
purchase,6,1861
blunders,6,1862
save,6,1863
longed,6,1864
rapidly,6,1865
charity,6,1866
hints,6,1867
triumph,6,1868
True,6,1869
flow,6,1870
weak,6,1871
wondering,6,1872
suspense,6,1873
meetings,6,1874
cottage,6,1875
conclude,6,1876
finest,6,1877
directed,6,1878
repent,6,1879
belonged,6,1880
provoking,6,1881
travel,6,1882
warmer,6,1883
result,6,1884
plainly,6,1885
cool,6,1886
ride,6,1887
conceit,6,1888
sinking,6,1889
latter,6,1890
fetch,6,1891
anxiously,6,1892
suggested,6,1893
vast,6,1894
action,6,1895
rude,6,1896
principles,6,1897
approved,6,1898
affair,6,1899
Still,6,1900
leg,6,1901
thin,6,1902
blame,6,1903
fever,6,1904
contrived,6,1905
exclaim,6,1906
pressing,6,1907
capable,6,1908
misfortune,6,1909
sensation,6,1910
ventured,6,1911
glow,6,1912
constant,6,1913
matches,6,1914
gentility,6,1915
foreseen,6,1916
direction,6,1917
blessed,6,1918
crossed,6,1919
approve,6,1920
talker,6,1921
authority,6,1922
joke,6,1923
fate,6,1924
penance,6,1925
whisper,6,1926
ours,6,1927
neglect,6,1928
ceased,6,1929
opposing,6,1930
Just,6,1931
slighted,6,1932
attempted,6,1933
vexation,6,1934
bathing,6,1935
censure,6,1936
attack,6,1937
Whenever,6,1938
entreaties,6,1939
afford,6,1940
seek,6,1941
unreserve,6,1942
waited,6,1943
composed,6,1944
lips,6,1945
risk,6,1946
riddle,5,1947
selfish,5,1948
approached,5,1949
trick,5,1950
momentary,5,1951
earth,5,1952
stranger,5,1953
Windsor,5,1954
refrain,5,1955
owed,5,1956
sweep,5,1957
sympathy,5,1958
justified,5,1959
Look,5,1960
abruptly,5,1961
finery,5,1962
feature,5,1963
ear,5,1964
answering,5,1965
consult,5,1966
barely,5,1967
grief,5,1968
fashion,5,1969
continuing,5,1970
Farm,5,1971
slightest,5,1972
affect,5,1973
incessant,5,1974
propose,5,1975
deficient,5,1976
plenty,5,1977
expose,5,1978
original,5,1979
sighing,5,1980
sofa,5,1981
remove,5,1982
convey,5,1983
ostler,5,1984
scene,5,1985
affairs,5,1986
exert,5,1987
resist,5,1988
working,5,1989
outward,5,1990
softened,5,1991
cordial,5,1992
honest,5,1993
Otway,5,1994
drinking,5,1995
distressed,5,1996
hesitated,5,1997
requires,5,1998
suddenly,5,1999
gained,5,2000
exception,5,2001
abundance,5,2002
defer,5,2003
angel,5,2004
thousands,5,2005
obligation,5,2006
boot,5,2007
entrance,5,2008
club,5,2009
check,5,2010
thick,5,2011
bit,5,2012
fail,5,2013
sex,5,2014
persuading,5,2015
painful,5,2016
formerly,5,2017
phrase,5,2018
praised,5,2019
provided,5,2020
resent,5,2021
acquit,5,2022
informed,5,2023
mutual,5,2024
safer,5,2025
moreover,5,2026
remains,5,2027
restored,5,2028
study,5,2029
pencil,5,2030
seclusion,5,2031
fearful,5,2032
Coxes,5,2033
later,5,2034
oppose,5,2035
speedily,5,2036
calls,5,2037
disgust,5,2038
interval,5,2039
forgiven,5,2040
wind,5,2041
November,5,2042
encounter,5,2043
free,5,2044
holds,5,2045
learn,5,2046
regretted,5,2047
calm,5,2048
trembling,5,2049
devoted,5,2050
notion,5,2051
guessing,5,2052
retirement,5,2053
somehow,5,2054
thoughtful,5,2055
goodwill,5,2056
noble,5,2057
start,5,2058
singing,5,2059
nay,5,2060
mixed,5,2061
imprudent,5,2062
compose,5,2063
mouth,5,2064
catching,5,2065
retired,5,2066
sleeping,5,2067
third,5,2068
decide,5,2069
betray,5,2070
rise,5,2071
discussion,5,2072
shape,5,2073
die,5,2074
dearer,5,2075
shawl,5,2076
pursuit,5,2077
raptures,5,2078
class,5,2079
negligent,5,2080
loud,5,2081
song,5,2082
Little,5,2083
vicarage,5,2084
treated,5,2085
faith,5,2086
shocking,5,2087
shrubbery,5,2088
beds,5,2089
wholesome,5,2090
Gilbert,5,2091
books,5,2092
suspecting,5,2093
Nonsense,5,2094
contrast,5,2095
cards,5,2096
example,5,2097
visited,5,2098
mischief,5,2099
arriving,5,2100
Somebody,5,2101
lasting,5,2102
losing,5,2103
becomes,5,2104
relate,5,2105
steadily,5,2106
benefit,5,2107
nicely,5,2108
noise,5,2109
convenient,5,2110
spruce,5,2111
relative,5,2112
avoiding,5,2113
pattern,5,2114
downright,5,2115
Bateses,5,2116
coachman,5,2117
ridiculous,5,2118
grand,5,2119
pointed,5,2120
dignity,5,2121
commission,5,2122
agreeably,5,2123
prudence,5,2124
powerful,5,2125
exciting,5,2126
gates,5,2127
effort,5,2128
flatter,5,2129
apology,5,2130
stopping,5,2131
native,5,2132
sufferings,5,2133
altered,5,2134
recover,5,2135
Would,5,2136
article,5,2137
procuring,5,2138
hasty,5,2139
preparing,5,2140
boarder,5,2141
Does,5,2142
seized,5,2143
excellence,5,2144
box,5,2145
admirer,5,2146
gratefully,5,2147
included,5,2148
candour,5,2149
black,5,2150
sincere,5,2151
manage,5,2152
lower,5,2153
described,5,2154
animated,5,2155
motion,5,2156
lane,5,2157
presumed,5,2158
despair,5,2159
likes,5,2160
principle,5,2161
supplied,5,2162
effects,5,2163
solemn,5,2164
unusual,5,2165
Many,5,2166
guard,5,2167
gravely,5,2168
relieved,5,2169
confirmed,5,2170
modern,5,2171
impatience,5,2172
horseback,5,2173
accent,5,2174
boiled,5,2175
quitting,5,2176
assisted,5,2177
attach,5,2178
careful,5,2179
sorrowful,5,2180
blood,5,2181
honoured,5,2182
appearing,5,2183
offers,5,2184
wet,5,2185
chances,5,2186
obtained,5,2187
dirty,5,2188
forth,5,2189
lament,5,2190
succeeding,5,2191
Hodges,5,2192
thirty,5,2193
evenings,5,2194
decisive,5,2195
rights,5,2196
announced,5,2197
January,5,2198
chat,5,2199
prosperous,5,2200
draught,5,2201
travelling,5,2202
variety,5,2203
refusal,5,2204
assurances,5,2205
visitors,5,2206
privilege,5,2207
liable,5,2208
bred,5,2209
correct,5,2210
carried,5,2211
Shall,5,2212
thankful,5,2213
spending,5,2214
unlike,5,2215
cutting,5,2216
repetition,5,2217
mentioning,5,2218
possession,5,2219
strongest,5,2220
system,5,2221
jealousy,5,2222
promising,5,2223
September,5,2224
horrible,5,2225
containing,5,2226
glancing,5,2227
succeed,5,2228
kinder,5,2229
conceive,5,2230
mortifying,5,2231
arrive,5,2232
Most,5,2233
allowing,5,2234
nodding,5,2235
prompted,4,2236
mix,4,2237
exact,4,2238
witnessed,4,2239
indulged,4,2240
prize,4,2241
supplanted,4,2242
alter,4,2243
shortly,4,2244
model,4,2245
killed,4,2246
charades,4,2247
youngest,4,2248
amazement,4,2249
unaffected,4,2250
fireside,4,2251
eighteen,4,2252
inducement,4,2253
consulted,4,2254
nephews,4,2255
positive,4,2256
Which,4,2257
resolving,4,2258
rightly,4,2259
deserving,4,2260
perplexity,4,2261
oftener,4,2262
pounds,4,2263
conceited,4,2264
tempt,4,2265
chuses,4,2266
contained,4,2267
quantity,4,2268
concealing,4,2269
trees,4,2270
truths,4,2271
pushed,4,2272
hesitating,4,2273
stairs,4,2274
Woodhouses,4,2275
suitable,4,2276
naivete,4,2277
key,4,2278
improper,4,2279
rid,4,2280
madness,4,2281
entreated,4,2282
reverse,4,2283
firm,4,2284
destined,4,2285
tranquil,4,2286
Heaven,4,2287
dwelt,4,2288
quarrelled,4,2289
requisite,4,2290
allowable,4,2291
compare,4,2292
balls,4,2293
materially,4,2294
flattery,4,2295
fortitude,4,2296
tree,4,2297
considers,4,2298
measles,4,2299
touched,4,2300
promote,4,2301
level,4,2302
deemed,4,2303
denied,4,2304
flattered,4,2305
shoes,4,2306
intently,4,2307
hears,4,2308
maintained,4,2309
clearness,4,2310
privations,4,2311
unfair,4,2312
along,4,2313
subdued,4,2314
trifle,4,2315
according,4,2316
indulging,4,2317
injustice,4,2318
flattering,4,2319
fondly,4,2320
errors,4,2321
beforehand,4,2322
sickly,4,2323
yield,4,2324
offended,4,2325
occupation,4,2326
alertness,4,2327
basket,4,2328
contrive,4,2329
somewhat,4,2330
perception,4,2331
surmise,4,2332
amazing,4,2333
striking,4,2334
colds,4,2335
inquiring,4,2336
farm,4,2337
nights,4,2338
fewer,4,2339
finish,4,2340
apparently,4,2341
ungrateful,4,2342
recovering,4,2343
punishment,4,2344
yours,4,2345
moderately,4,2346
directions,4,2347
roast,4,2348
bow,4,2349
entertain,4,2350
Stokes,4,2351
objections,4,2352
colour,4,2353
promoted,4,2354
surrounded,4,2355
Irish,4,2356
presence,4,2357
estate,4,2358
whist,4,2359
thither,4,2360
collecting,4,2361
questioned,4,2362
experience,4,2363
inequality,4,2364
Humph,4,2365
usually,4,2366
arose,4,2367
insensible,4,2368
inevitable,4,2369
approving,4,2370
longing,4,2371
meal,4,2372
prevail,4,2373
boasted,4,2374
happening,4,2375
confession,4,2376
hazard,4,2377
Its,4,2378
concluded,4,2379
inferred,4,2380
basin,4,2381
Three,4,2382
generous,4,2383
explain,4,2384
stupid,4,2385
Within,4,2386
Might,4,2387
counsel,4,2388
injured,4,2389
bloom,4,2390
procure,4,2391
idle,4,2392
cleared,4,2393
likewise,4,2394
disdain,4,2395
gain,4,2396
tear,4,2397
minds,4,2398
dozen,4,2399
elder,4,2400
irritation,4,2401
misconduct,4,2402
graciously,4,2403
space,4,2404
belonging,4,2405
whims,4,2406
security,4,2407
aside,4,2408
repeatedly,4,2409
subsequent,4,2410
divided,4,2411
parents,4,2412
tendency,4,2413
examining,4,2414
cheer,4,2415
shaking,4,2416
sized,4,2417
residence,4,2418
gaiety,4,2419
below,4,2420
beer,4,2421
whispering,4,2422
varied,4,2423
throughout,4,2424
solicitous,4,2425
provide,4,2426
remiss,4,2427
threatened,4,2428
welfare,4,2429
design,4,2430
argument,4,2431
mystery,4,2432
ballroom,4,2433
generosity,4,2434
scrupulous,4,2435
Augusta,4,2436
indebted,4,2437
proportion,4,2438
double,4,2439
Whatever,4,2440
sing,4,2441
marries,4,2442
cooler,4,2443
ungracious,4,2444
proving,4,2445
trial,4,2446
agreeing,4,2447
complain,4,2448
granted,4,2449
husbands,4,2450
utter,4,2451
restore,4,2452
disagree,4,2453
blushing,4,2454
activity,4,2455
unexpected,4,2456
Ever,4,2457
exposed,4,2458
walks,4,2459
driving,4,2460
sincerity,4,2461
exultation,4,2462
discretion,4,2463
owned,4,2464
charitable,4,2465
gate,4,2466
advised,4,2467
welcomed,4,2468
plays,4,2469
wondered,4,2470
unlikely,4,2471
senses,4,2472
died,4,2473
Men,4,2474
destroy,4,2475
imaginary,4,2476
preserved,4,2477
hate,4,2478
valued,4,2479
sanction,4,2480
permitted,4,2481
Astley,4,2482
separation,4,2483
bank,4,2484
union,4,2485
confessing,4,2486
Part,4,2487
extensive,4,2488
amazed,4,2489
committed,4,2490
charmingly,4,2491
narrow,4,2492
exclaiming,4,2493
proceeding,4,2494
hesitate,4,2495
handsomely,4,2496
quit,4,2497
dropt,4,2498
gloves,4,2499
glimpse,4,2500
declining,4,2501
nine,4,2502
somewhere,4,2503
discovered,4,2504
assembled,4,2505
complaints,4,2506
teach,4,2507
December,4,2508
Consider,4,2509
pale,4,2510
accounts,4,2511
deficiency,4,2512
downstairs,4,2513
lawn,4,2514
graceful,4,2515
assuming,4,2516
confused,4,2517
Cannot,4,2518
acted,4,2519
wiser,4,2520
train,4,2521
vexed,4,2522
steadiness,4,2523
popularity,4,2524
drawings,4,2525
improved,4,2526
origin,4,2527
weight,4,2528
addressed,4,2529
intending,4,2530
Tell,4,2531
October,4,2532
implied,4,2533
avoided,4,2534
consulting,4,2535
ones,4,2536
deaf,4,2537
labour,4,2538
blue,4,2539
fame,4,2540
equality,4,2541
settling,4,2542
insolent,4,2543
sentence,4,2544
bend,4,2545
explore,4,2546
talks,4,2547
operation,4,2548
cruel,4,2549
gets,4,2550
concluding,4,2551
luxury,4,2552
brings,4,2553
exceed,4,2554
series,4,2555
proofs,4,2556
producing,4,2557
blinded,4,2558
blank,4,2559
chaise,4,2560
maintain,4,2561
related,4,2562
attendance,4,2563
crisis,4,2564
dwell,4,2565
enjoying,4,2566
promises,4,2567
formal,4,2568
additional,4,2569
kingdom,4,2570
ignorance,4,2571
determine,4,2572
unfit,4,2573
zeal,4,2574
perpetual,4,2575
advance,4,2576
bid,4,2577
lessen,4,2578
latest,4,2579
reception,4,2580
dry,4,2581
Leave,4,2582
airing,4,2583
speeches,4,2584
cheeks,4,2585
relations,4,2586
Wright,4,2587
pays,4,2588
fatigued,4,2589
reaching,4,2590
unlucky,4,2591
path,4,2592
occasioned,4,2593
running,4,2594
fruit,4,2595
liveliness,4,2596
slave,4,2597
denial,4,2598
headache,4,2599
discover,4,2600
spoiled,4,2601
invalid,4,2602
rejected,4,2603
ribbon,4,2604
opposed,4,2605
handed,4,2606
inviting,4,2607
uncommon,4,2608
eligible,4,2609
delays,4,2610
unwelcome,4,2611
wives,4,2612
request,4,2613
causes,4,2614
cordially,4,2615
mild,4,2616
brothers,4,2617
amends,4,2618
amount,4,2619
unknown,4,2620
regarded,4,2621
Bless,4,2622
meadows,4,2623
artless,4,2624
announcing,4,2625
writer,4,2626
seemingly,3,2627
asparagus,3,2628
removing,3,2629
elegancies,3,2630
submit,3,2631
inimitable,3,2632
device,3,2633
discerned,3,2634
foundation,3,2635
renewal,3,2636
sees,3,2637
Serle,3,2638
delusion,3,2639
bought,3,2640
display,3,2641
suits,3,2642
occurrence,3,2643
enjoyments,3,2644
portion,3,2645
mark,3,2646
cast,3,2647
Yet,3,2648
copied,3,2649
Tea,3,2650
associate,3,2651
cured,3,2652
checked,3,2653
total,3,2654
gracious,3,2655
arrogance,3,2656
easier,3,2657
game,3,2658
guilt,3,2659
gladly,3,2660
nursed,3,2661
Dixons,3,2662
practice,3,2663
judicious,3,2664
heir,3,2665
talkative,3,2666
excused,3,2667
miserably,3,2668
discern,3,2669
dancer,3,2670
lovers,3,2671
capital,3,2672
planning,3,2673
Elegant,3,2674
musing,3,2675
rapidity,3,2676
littleness,3,2677
sober,3,2678
comforted,3,2679
burn,3,2680
patient,3,2681
ending,3,2682
retract,3,2683
events,3,2684
unnatural,3,2685
signify,3,2686
Ladies,3,2687
rode,3,2688
allusion,3,2689
convincing,3,2690
palpably,3,2691
clearer,3,2692
excite,3,2693
purse,3,2694
submission,3,2695
furnished,3,2696
nursery,3,2697
feelingly,3,2698
remarkable,3,2699
allowances,3,2700
broken,3,2701
centre,3,2702
entitled,3,2703
Whether,3,2704
loin,3,2705
rejoiced,3,2706
humourist,3,2707
vigorously,3,2708
spirited,3,2709
caro,3,2710
detected,3,2711
conundrum,3,2712
fool,3,2713
careless,3,2714
sentences,3,2715
mercy,3,2716
worn,3,2717
Alas,3,2718
imprudence,3,2719
minded,3,2720
remaining,3,2721
punctually,3,2722
doubly,3,2723
Take,3,2724
abrupt,3,2725
truer,3,2726
More,3,2727
candles,3,2728
August,3,2729
prettily,3,2730
essential,3,2731
limited,3,2732
kindest,3,2733
Happy,3,2734
fuller,3,2735
energy,3,2736
cotton,3,2737
staircase,3,2738
bitter,3,2739
pleases,3,2740
esteem,3,2741
oddest,3,2742
expediency,3,2743
lawyer,3,2744
virtue,3,2745
silenced,3,2746
tidings,3,2747
changing,3,2748
carefully,3,2749
asks,3,2750
illnesses,3,2751
constancy,3,2752
Either,3,2753
draper,3,2754
prosperity,3,2755
including,3,2756
softer,3,2757
refinement,3,2758
custom,3,2759
unnoticed,3,2760
division,3,2761
counteract,3,2762
quickest,3,2763
reappeared,3,2764
ascertain,3,2765
indisposed,3,2766
hither,3,2767
completed,3,2768
salary,3,2769
built,3,2770
top,3,2771
bestowed,3,2772
pronounced,3,2773
freedom,3,2774
soul,3,2775
grant,3,2776
provision,3,2777
station,3,2778
job,3,2779
offend,3,2780
restrain,3,2781
prominent,3,2782
reasonings,3,2783
Impossible,3,2784
demure,3,2785
hanging,3,2786
skin,3,2787
hit,3,2788
favourably,3,2789
raising,3,2790
gratify,3,2791
footing,3,2792
fashioned,3,2793
topic,3,2794
impressed,3,2795
accidental,3,2796
arrowroot,3,2797
relieve,3,2798
dependent,3,2799
irritated,3,2800
food,3,2801
calculated,3,2802
chief,3,2803
pleasanter,3,2804
supplying,3,2805
shameful,3,2806
treasure,3,2807
confident,3,2808
luckiest,3,2809
passes,3,2810
missing,3,2811
sign,3,2812
accompany,3,2813
excessive,3,2814
sposo,3,2815
helped,3,2816
letting,3,2817
freshness,3,2818
oblige,3,2819
parcels,3,2820
footpath,3,2821
owing,3,2822
Kitty,3,2823
overlook,3,2824
successful,3,2825
Lord,3,2826
sly,3,2827
infection,3,2828
donkey,3,2829
hush,3,2830
Captain,3,2831
fifty,3,2832
familiar,3,2833
reigns,3,2834
conjecture,3,2835
Behold,3,2836
bowed,3,2837
reproof,3,2838
adopt,3,2839
hung,3,2840
renewed,3,2841
cow,3,2842
backgammon,3,2843
rules,3,2844
surely,3,2845
prudent,3,2846
hereafter,3,2847
admiring,3,2848
Ten,3,2849
beat,3,2850
alive,3,2851
Bickerton,3,2852
recent,3,2853
acquired,3,2854
finger,3,2855
practise,3,2856
withdrawn,3,2857
disturb,3,2858
forbid,3,2859
widow,3,2860
fly,3,2861
scattered,3,2862
disclosure,3,2863
false,3,2864
competent,3,2865
faces,3,2866
similar,3,2867
reflected,3,2868
beings,3,2869
actual,3,2870
owes,3,2871
breath,3,2872
disorder,3,2873
caring,3,2874
degrading,3,2875
colours,3,2876
secresy,3,2877
stock,3,2878
shamefully,3,2879
infinite,3,2880
affectedly,3,2881
foresee,3,2882
witness,3,2883
odious,3,2884
trusting,3,2885
bonnet,3,2886
heated,3,2887
deceive,3,2888
sang,3,2889
smoothness,3,2890
coarse,3,2891
inch,3,2892
gaze,3,2893
advocate,3,2894
preserve,3,2895
Must,3,2896
marked,3,2897
applied,3,2898
noticing,3,2899
restraint,3,2900
stept,3,2901
honestly,3,2902
amongst,3,2903
drove,3,2904
voluntary,3,2905
smaller,3,2906
breathe,3,2907
Midsummer,3,2908
believing,3,2909
securing,3,2910
guarded,3,2911
deplorable,3,2912
elevation,3,2913
stooping,3,2914
declares,3,2915
fanciful,3,2916
safest,3,2917
sketch,3,2918
Without,3,2919
famous,3,2920
placing,3,2921
bearing,3,2922
wisest,3,2923
watering,3,2924
disappoint,3,2925
Remember,3,2926
bewildered,3,2927
strict,3,2928
Perrys,3,2929
saucy,3,2930
venturing,3,2931
emotion,3,2932
egg,3,2933
provoked,3,2934
averting,3,2935
everywhere,3,2936
complying,3,2937
disgraced,3,2938
string,3,2939
assent,3,2940
unsuitable,3,2941
selves,3,2942
obscurity,3,2943
absolute,3,2944
monarch,3,2945
numerous,3,2946
delayed,3,2947
river,3,2948
wild,3,2949
attitude,3,2950
occasional,3,2951
blow,3,2952
rencontre,3,2953
storm,3,2954
beneath,3,2955
calmly,3,2956
neglected,3,2957
modest,3,2958
sadly,3,2959
alert,3,2960
joyful,3,2961
shews,3,2962
divisions,3,2963
Think,3,2964
injury,3,2965
Partridge,3,2966
names,3,2967
proposals,3,2968
marking,3,2969
solitude,3,2970
softness,3,2971
perceiving,3,2972
rapid,3,2973
breaking,3,2974
sounds,3,2975
clearly,3,2976
headed,3,2977
joyous,3,2978
admirable,3,2979
genuine,3,2980
duties,3,2981
speed,3,2982
pondered,3,2983
April,3,2984
harmless,3,2985
sole,3,2986
recall,3,2987
practised,3,2988
unite,3,2989
prose,3,2990
behave,3,2991
Instead,3,2992
trivial,3,2993
alacrity,3,2994
sold,3,2995
pert,3,2996
Besides,3,2997
covered,3,2998
rough,3,2999
foresaw,3,3000
Soon,3,3001
Friday,3,3002
addresses,3,3003
esteemed,3,3004
solitary,3,3005
sends,3,3006
eaten,3,3007
Always,3,3008
estimation,3,3009
coxcomb,3,3010
Cromer,3,3011
snowing,3,3012
lesson,3,3013
separated,3,3014
seas,3,3015
press,3,3016
transition,3,3017
alloy,3,3018
frozen,3,3019
animating,3,3020
Hughes,3,3021
local,3,3022
elegantly,3,3023
papers,3,3024
educated,3,3025
bilious,3,3026
gratifying,3,3027
wound,3,3028
detail,3,3029
reluctance,3,3030
wonders,3,3031
dealing,3,3032
advanced,3,3033
serve,3,3034
mutually,3,3035
joint,3,3036
slightly,3,3037
dulness,3,3038
interfere,3,3039
intent,3,3040
revived,3,3041
possessed,3,3042
started,3,3043
openness,3,3044
puzzled,3,3045
presented,3,3046
Should,3,3047
caprice,3,3048
shoulders,3,3049
ostensible,3,3050
strikes,3,3051
reckoned,3,3052
apart,3,3053
Happily,3,3054
wear,3,3055
airs,3,3056
Charming,3,3057
upper,3,3058
topics,3,3059
darted,3,3060
luxurious,3,3061
hungry,3,3062
loveliness,3,3063
sorrow,3,3064
behaving,3,3065
departure,3,3066
checking,3,3067
mutton,3,3068
discreet,3,3069
secrecy,3,3070
Anne,3,3071
slice,3,3072
blockhead,3,3073
conceived,3,3074
fairy,3,3075
longest,3,3076
abilities,3,3077
Bella,3,3078
explained,3,3079
grandeur,3,3080
bell,3,3081
beauties,3,3082
Excuse,3,3083
Sir,3,3084
loudly,3,3085
teachers,3,3086
naming,3,3087
recur,3,3088
profession,3,3089
handsomest,3,3090
whispered,3,3091
dentist,3,3092
reminded,3,3093
desperate,3,3094
swell,3,3095
bread,3,3096
excluded,3,3097
Papa,3,3098
drink,3,3099
formidable,3,3100
collect,3,3101
method,3,3102
forgot,3,3103
arrange,3,3104
regularly,3,3105
Short,3,3106
seventeen,3,3107
tolerate,3,3108
unseen,3,3109
jealous,3,3110
injunction,3,3111
blameless,3,3112
lord,3,3113
draws,3,3114
begins,3,3115
neglecting,3,3116
denote,3,3117
unfeeling,3,3118
dissuade,3,3119
curious,3,3120
yellow,3,3121
humanity,3,3122
encourage,3,3123
louder,3,3124
About,3,3125
shark,3,3126
apprehend,3,3127
thanking,3,3128
cleverer,3,3129
forlorn,3,3130
hardship,3,3131
sins,3,3132
healthy,3,3133
bottom,3,3134
voices,3,3135
refresh,3,3136
gentleness,3,3137
lasted,3,3138
homes,3,3139
hill,3,3140
refined,3,3141
needless,3,3142
assisting,3,3143
airy,3,3144
Any,3,3145
Wallis,3,3146
grieve,3,3147
mama,3,3148
reconcile,2,3149
screen,2,3150
benefited,2,3151
governed,2,3152
behindhand,2,3153
stores,2,3154
reads,2,3155
arguments,2,3156
compliance,2,3157
disgusted,2,3158
moonlight,2,3159
shower,2,3160
wall,2,3161
inquired,2,3162
ardent,2,3163
admissible,2,3164
county,2,3165
indignant,2,3166
liberality,2,3167
profusion,2,3168
ingenious,2,3169
faster,2,3170
random,2,3171
gaining,2,3172
gardeners,2,3173
medium,2,3174
interview,2,3175
deference,2,3176
stomach,2,3177
multiplied,2,3178
everyday,2,3179
lists,2,3180
glowing,2,3181
stables,2,3182
Young,2,3183
languor,2,3184
aye,2,3185
colouring,2,3186
possess,2,3187
wilful,2,3188
fathers,2,3189
process,2,3190
stable,2,3191
sleep,2,3192
suspicious,2,3193
foreseeing,2,3194
cost,2,3195
mis,2,3196
irregular,2,3197
biscuits,2,3198
Dinner,2,3199
alluding,2,3200
demands,2,3201
wretch,2,3202
harp,2,3203
foolishly,2,3204
lame,2,3205
shabby,2,3206
messenger,2,3207
drank,2,3208
predict,2,3209
fried,2,3210
Beyond,2,3211
inherited,2,3212
lasts,2,3213
rumour,2,3214
Long,2,3215
farming,2,3216
practising,2,3217
tippet,2,3218
Full,2,3219
pages,2,3220
suppers,2,3221
abusing,2,3222
flown,2,3223
satisfies,2,3224
quest,2,3225
affronted,2,3226
protested,2,3227
prejudiced,2,3228
snowed,2,3229
leaning,2,3230
striving,2,3231
alteration,2,3232
submissive,2,3233
genteel,2,3234
holiday,2,3235
indulgent,2,3236
subside,2,3237
wainscot,2,3238
awake,2,3239
joining,2,3240
apartment,2,3241
calmer,2,3242
Give,2,3243
injurious,2,3244
lightened,2,3245
wander,2,3246
elderly,2,3247
jump,2,3248
presenting,2,3249
replete,2,3250
advisable,2,3251
sheltered,2,3252
objected,2,3253
entangled,2,3254
dead,2,3255
connect,2,3256
sketches,2,3257
definition,2,3258
perform,2,3259
bewitching,2,3260
injure,2,3261
imposed,2,3262
previously,2,3263
enemy,2,3264
despatch,2,3265
amuses,2,3266
refusing,2,3267
exchange,2,3268
repressed,2,3269
acceptance,2,3270
sufficed,2,3271
clearing,2,3272
confesses,2,3273
suggestion,2,3274
branch,2,3275
draughts,2,3276
concise,2,3277
lashes,2,3278
stake,2,3279
broader,2,3280
stretching,2,3281
fairest,2,3282
sights,2,3283
sparkling,2,3284
rouse,2,3285
poverty,2,3286
ate,2,3287
Invite,2,3288
Dreadful,2,3289
elsewhere,2,3290
rush,2,3291
treat,2,3292
aimed,2,3293
aired,2,3294
quality,2,3295
Christian,2,3296
Pass,2,3297
framed,2,3298
nowhere,2,3299
Under,2,3300
touching,2,3301
lengths,2,3302
courtesy,2,3303
moderation,2,3304
aid,2,3305
player,2,3306
examined,2,3307
overpower,2,3308
secondary,2,3309
Adelaide,2,3310
wore,2,3311
shared,2,3312
recalled,2,3313
hedges,2,3314
Vanity,2,3315
Stop,2,3316
dignified,2,3317
dealings,2,3318
butcher,2,3319
imparted,2,3320
revealed,2,3321
fatigues,2,3322
plaintive,2,3323
desk,2,3324
attacked,2,3325
kissed,2,3326
incommoded,2,3327
Pleasant,2,3328
privy,2,3329
avail,2,3330
appealed,2,3331
diffident,2,3332
fires,2,3333
freed,2,3334
regardless,2,3335
individual,2,3336
desiring,2,3337
asserted,2,3338
vulgarity,2,3339
absurdity,2,3340
arms,2,3341
harmony,2,3342
project,2,3343
stupidity,2,3344
threw,2,3345
repeating,2,3346
prepare,2,3347
absenting,2,3348
qualified,2,3349
None,2,3350
engrossed,2,3351
glory,2,3352
heal,2,3353
devotion,2,3354
approval,2,3355
delicious,2,3356
prodigy,2,3357
partiality,2,3358
sneering,2,3359
troubles,2,3360
warfare,2,3361
dinners,2,3362
employing,2,3363
violent,2,3364
uncertain,2,3365
appeased,2,3366
childhood,2,3367
immense,2,3368
bright,2,3369
flakes,2,3370
alarms,2,3371
glass,2,3372
ordinary,2,3373
dryly,2,3374
doated,2,3375
discourse,2,3376
brighter,2,3377
Whom,2,3378
realised,2,3379
motherly,2,3380
huswife,2,3381
firmly,2,3382
sharing,2,3383
chusing,2,3384
failing,2,3385
trunk,2,3386
dears,2,3387
sashed,2,3388
farthest,2,3389
basis,2,3390
sharp,2,3391
likelihood,2,3392
frightful,2,3393
Richard,2,3394
quivering,2,3395
deeper,2,3396
meditated,2,3397
panic,2,3398
lime,2,3399
Sometimes,2,3400
polite,2,3401
date,2,3402
hazle,2,3403
intellects,2,3404
waste,2,3405
cheap,2,3406
Six,2,3407
poem,2,3408
sweetbread,2,3409
breeding,2,3410
Hetty,2,3411
unable,2,3412
agony,2,3413
teacher,2,3414
Wednesday,2,3415
rationally,2,3416
narration,2,3417
glasses,2,3418
flourishes,2,3419
artist,2,3420
ensure,2,3421
poison,2,3422
deepest,2,3423
building,2,3424
disengage,2,3425
observance,2,3426
summon,2,3427
tart,2,3428
poignant,2,3429
unmerited,2,3430
wickedness,2,3431
delights,2,3432
protracted,2,3433
displays,2,3434
coffee,2,3435
suggest,2,3436
influenced,2,3437
signified,2,3438
Sunday,2,3439
obedience,2,3440
instances,2,3441
Half,2,3442
faithful,2,3443
owe,2,3444
belief,2,3445
playfully,2,3446
cheek,2,3447
jumped,2,3448
poorly,2,3449
pondering,2,3450
inn,2,3451
impassable,2,3452
belongs,2,3453
Delightful,2,3454
surmised,2,3455
wavering,2,3456
footstep,2,3457
enrich,2,3458
pointedly,2,3459
eccentric,2,3460
flies,2,3461
irresolute,2,3462
reverie,2,3463
transfer,2,3464
slighting,2,3465
salted,2,3466
horrors,2,3467
thankfully,2,3468
impute,2,3469
tribute,2,3470
beam,2,3471
hue,2,3472
innocently,2,3473
impudent,2,3474
claimed,2,3475
deserted,2,3476
Things,2,3477
stoops,2,3478
Whoever,2,3479
respected,2,3480
presents,2,3481
invention,2,3482
marks,2,3483
noisy,2,3484
village,2,3485
score,2,3486
musician,2,3487
urgent,2,3488
delivered,2,3489
bent,2,3490
kings,2,3491
grievance,2,3492
Broadwood,2,3493
apologise,2,3494
rousing,2,3495
stain,2,3496
profits,2,3497
precise,2,3498
dreamer,2,3499
ages,2,3500
Coxe,2,3501
Imagine,2,3502
foretell,2,3503
brotherly,2,3504
meals,2,3505
principals,2,3506
dangers,2,3507
tour,2,3508
thirteen,2,3509
Both,2,3510
hind,2,3511
amazingly,2,3512
respectful,2,3513
silver,2,3514
shilling,2,3515
receives,2,3516
darker,2,3517
Since,2,3518
enable,2,3519
fish,2,3520
irritate,2,3521
recurrence,2,3522
pew,2,3523
rested,2,3524
pulse,2,3525
flew,2,3526
physic,2,3527
renewing,2,3528
resisted,2,3529
struggled,2,3530
Heavens,2,3531
ridden,2,3532
condemn,2,3533
assuring,2,3534
cheering,2,3535
scarce,2,3536
diffidence,2,3537
bestow,2,3538
modes,2,3539
answers,2,3540
yielded,2,3541
Man,2,3542
lamenting,2,3543
exulting,2,3544
clothed,2,3545
Excepting,2,3546
summons,2,3547
exist,2,3548
parts,2,3549
consoling,2,3550
amply,2,3551
ajar,2,3552
clouds,2,3553
expressive,2,3554
cousin,2,3555
confessed,2,3556
refine,2,3557
inadequate,2,3558
Easter,2,3559
crowded,2,3560
frown,2,3561
linen,2,3562
augur,2,3563
doating,2,3564
deservedly,2,3565
preserving,2,3566
fill,2,3567
rejoined,2,3568
scramble,2,3569
earn,2,3570
merry,2,3571
furnish,2,3572
Pretty,2,3573
relating,2,3574
kitchen,2,3575
temporary,2,3576
furniture,2,3577
pitied,2,3578
reflect,2,3579
stout,2,3580
learnt,2,3581
conquest,2,3582
Sixteen,2,3583
equalled,2,3584
Worse,2,3585
lies,2,3586
Going,2,3587
tremble,2,3588
unchecked,2,3589
leads,2,3590
Latterly,2,3591
flesh,2,3592
pushing,2,3593
art,2,3594
restraints,2,3595
conquered,2,3596
contrition,2,3597
performer,2,3598
Between,2,3599
field,2,3600
worked,2,3601
imagining,2,3602
unhealthy,2,3603
Presently,2,3604
militia,2,3605
Say,2,3606
witty,2,3607
eggs,2,3608
See,2,3609
excepted,2,3610
imply,2,3611
million,2,3612
simply,2,3613
suggesting,2,3614
doubtingly,2,3615
brief,2,3616
floor,2,3617
tenderest,2,3618
lessened,2,3619
Extracts,2,3620
elevate,2,3621
chamber,2,3622
Lords,2,3623
simpleton,2,3624
dreaded,2,3625
breathing,2,3626
shelter,2,3627
projected,2,3628
escorted,2,3629
ponds,2,3630
envious,2,3631
inevitably,2,3632
solace,2,3633
ushered,2,3634
observer,2,3635
resigned,2,3636
visible,2,3637
describing,2,3638
appeal,2,3639
reward,2,3640
detain,2,3641
asunder,2,3642
scanty,2,3643
gipsy,2,3644
closest,2,3645
civilly,2,3646
achieved,2,3647
parlours,2,3648
expert,2,3649
ceases,2,3650
urging,2,3651
gloom,2,3652
weakness,2,3653
incumbent,2,3654
justify,2,3655
reality,2,3656
trimmed,2,3657
briskly,2,3658
boast,2,3659
scrape,2,3660
sources,2,3661
accustomed,2,3662
divide,2,3663
restrained,2,3664
Bragges,2,3665
forcibly,2,3666
requiring,2,3667
banished,2,3668
humours,2,3669
desirous,2,3670
petticoat,2,3671
ceaseless,2,3672
commanded,2,3673
diverted,2,3674
falsehood,2,3675
surpass,2,3676
pursuits,2,3677
opposition,2,3678
hero,2,3679
defence,2,3680
Having,2,3681
playful,2,3682
desires,2,3683
partially,2,3684
dimensions,2,3685
likenesses,2,3686
dispersed,2,3687
knitting,2,3688
surrender,2,3689
authorised,2,3690
fetched,2,3691
fagged,2,3692
bountiful,2,3693
cases,2,3694
glanced,2,3695
disgusting,2,3696
grows,2,3697
appetite,2,3698
Woman,2,3699
store,2,3700
People,2,3701
submitting,2,3702
range,2,3703
overtaken,2,3704
pictures,2,3705
variation,2,3706
insolence,2,3707
specimens,2,3708
respecting,2,3709
favouring,2,3710
show,2,3711
pursuing,2,3712
pomp,2,3713
residing,2,3714
reasons,2,3715
buried,2,3716
feasible,2,3717
estimate,2,3718
seize,2,3719
associates,2,3720
trimming,2,3721
excusable,2,3722
superseded,2,3723
dashed,2,3724
imputed,2,3725
prejudice,2,3726
insidious,2,3727
scolded,2,3728
justly,2,3729
adapt,2,3730
examine,2,3731
bends,2,3732
strawberry,2,3733
puzzle,2,3734
passable,2,3735
conduce,2,3736
parent,2,3737
restless,2,3738
conjugal,2,3739
Being,2,3740
Actually,2,3741
butter,2,3742
mare,2,3743
eternal,2,3744
execution,2,3745
coloured,2,3746
offences,2,3747
filled,2,3748
nieces,2,3749
reminding,2,3750
sighted,2,3751
quarters,2,3752
captious,2,3753
emotions,2,3754
decorum,2,3755
Compare,2,3756
fearfully,2,3757
gathering,2,3758
riddles,2,3759
gather,2,3760
land,2,3761
cough,2,3762
heroism,2,3763
refer,2,3764
adoration,2,3765
struggle,2,3766
vicar,2,3767
mourning,2,3768
Bond,2,3769
felicities,2,3770
deduction,2,3771
guide,2,3772
etc,2,3773
blended,2,3774
swelling,2,3775
shift,2,3776
dispense,2,3777
July,2,3778
risks,2,3779
defiance,2,3780
iron,2,3781
undertakes,2,3782
exerting,2,3783
learned,2,3784
astray,2,3785
varieties,2,3786
goose,2,3787
urgency,2,3788
incline,2,3789
borrowed,2,3790
parley,2,3791
enlivened,2,3792
chicken,2,3793
group,2,3794
persisting,2,3795
hazarded,2,3796
flatterer,2,3797
designs,2,3798
muttering,2,3799
fatigue,2,3800
gravity,2,3801
chatty,2,3802
Romance,2,3803
closing,2,3804
evidence,2,3805
stretch,2,3806
remind,2,3807
aspired,2,3808
bears,2,3809
Observe,2,3810
dined,2,3811
sale,2,3812
nurse,2,3813
poultry,2,3814
knocked,2,3815
Perfectly,2,3816
replies,2,3817
complains,2,3818
driven,2,3819
richly,2,3820
cooled,2,3821
powered,2,3822
vivacity,2,3823
poet,2,3824
drop,2,3825
fainted,2,3826
reckon,2,3827
sacrifices,2,3828
genius,2,3829
commit,2,3830
shrubs,2,3831
advances,2,3832
preventing,2,3833
mermaid,2,3834
dies,2,3835
preferable,2,3836
eyeing,2,3837
windy,2,3838
eyebrows,2,3839
concealed,2,3840
infant,2,3841
caps,2,3842
wood,2,3843
trifles,2,3844
cousins,2,3845
orchard,2,3846
privileged,2,3847
incapable,2,3848
sport,2,3849
advising,2,3850
interests,2,3851
urged,2,3852
Tis,2,3853
rarely,2,3854
warrant,2,3855
fetching,2,3856
subjection,2,3857
misled,2,3858
composedly,2,3859
worlds,2,3860
usage,2,3861
asleep,2,3862
page,2,3863
proposing,2,3864
freshened,2,3865
gravel,2,3866
deem,2,3867
whoever,2,3868
improperly,2,3869
strictly,2,3870
arch,2,3871
issue,2,3872
parishes,2,3873
hotter,2,3874
disgrace,2,3875
Read,2,3876
amity,2,3877
proclaimed,2,3878
pitch,2,3879
replying,2,3880
upstart,2,3881
fondness,2,3882
walnuts,2,3883
verses,2,3884
females,2,3885
infectious,2,3886
dialogue,2,3887
signed,2,3888
visibly,2,3889
glaring,2,3890
offices,2,3891
observant,2,3892
viewed,2,3893
list,2,3894
saving,2,3895
consenting,2,3896
alluded,2,3897
invent,2,3898
apply,2,3899
council,2,3900
whence,2,3901
accomplish,2,3902
discipline,2,3903
destroyed,2,3904
lent,2,3905
fools,2,3906
host,2,3907
mental,2,3908
underrated,2,3909
umbrellas,2,3910
bare,2,3911
roused,2,3912
runs,2,3913
displayed,2,3914
sighed,2,3915
treachery,2,3916
arisen,2,3917
applying,2,3918
eighth,2,3919
dessert,2,3920
touches,2,3921
pleading,2,3922
intimates,2,3923
sickness,2,3924
merriment,2,3925
Welch,2,3926
culture,2,3927
calculate,2,3928
pearls,2,3929
detaining,2,3930
planned,2,3931
soothing,2,3932
adventure,2,3933
desert,2,3934
main,2,3935
seizure,2,3936
dissipated,2,3937
insisted,2,3938
counsellor,2,3939
vacant,2,3940
tacitly,2,3941
stoop,2,3942
unheard,2,3943
meat,2,3944
contriving,2,3945
novelty,2,3946
retreated,2,3947
sweetly,2,3948
price,2,3949
ingenuity,2,3950
readiness,2,3951
partake,2,3952
dearly,2,3953
Day,2,3954
bargain,2,3955
subduing,2,3956
stone,2,3957
younger,2,3958
persevered,2,3959
overheard,2,3960
fasten,2,3961
deceit,2,3962
eleven,2,3963
proprietor,2,3964
stability,2,3965
strike,2,3966
parentage,2,3967
oneself,2,3968
profit,2,3969
butler,2,3970
hoarse,2,3971
pang,2,3972
Birmingham,2,3973
hereabouts,2,3974
helpless,2,3975
studied,2,3976
pitiful,2,3977
swept,2,3978
decease,2,3979
cordiality,2,3980
graver,2,3981
secretly,2,3982
surprising,2,3983
puppy,2,3984
north,2,3985
pitiable,2,3986
Forest,2,3987
decline,2,3988
recently,2,3989
humouredly,2,3990
attractive,2,3991
pretending,2,3992
hedge,2,3993
illiterate,2,3994
affording,2,3995
willingly,2,3996
shadow,2,3997
weariness,2,3998
smoothed,2,3999
relates,2,4000
needs,2,4001
atonement,2,4002
wittier,2,4003
Thy,2,4004
counter,2,4005
Uncle,2,4006
stupidest,2,4007
untainted,2,4008
Inn,2,4009
betraying,2,4010
affliction,2,4011
characters,2,4012
acquittal,2,4013
Respect,2,4014
widower,2,4015
deplore,2,4016
forwards,2,4017
alphabets,2,4018
exhausted,2,4019
effusion,2,4020
softening,2,4021
regards,2,4022
omission,2,4023
grandpapa,2,4024
clownish,2,4025
resuming,2,4026
variously,2,4027
moves,2,4028
Bad,2,4029
exemption,2,4030
perverse,2,4031
graces,2,4032
pretension,2,4033
bitterly,2,4034
terribly,2,4035
suddenness,2,4036
scale,2,4037
youthful,2,4038
Oxford,2,4039
insincere,2,4040
agrees,2,4041
morrows,2,4042
frame,2,4043
lodged,2,4044
lip,2,4045
measures,2,4046
flirtation,2,4047
pronounce,2,4048
populous,2,4049
unprepared,2,4050
contradict,2,4051
faint,2,4052
create,2,4053
guest,2,4054
purposely,2,4055
stray,2,4056
ninety,2,4057
hating,2,4058
incredible,2,4059
acute,2,4060
rescue,2,4061
refreshing,2,4062
lamp,2,4063
splendour,2,4064
fullest,2,4065
eats,2,4066
sung,2,4067
pocket,2,4068
premature,2,4069
sweetest,2,4070
needed,2,4071
averted,2,4072
earned,2,4073
artifice,2,4074
ninth,2,4075
impede,2,4076
allowance,2,4077
protection,2,4078
benevolent,2,4079
unattended,2,4080
lamented,2,4081
Hannah,2,4082
plague,2,4083
distrust,2,4084
bordered,2,4085
Monday,2,4086
welcoming,2,4087
failure,2,4088
critical,2,4089
devoting,2,4090
wrapt,2,4091
lest,2,4092
vouchsafe,2,4093
virtues,2,4094
bodies,1,4095
cook,1,4096
delicately,1,4097
forfeit,1,4098
improving,1,4099
womanly,1,4100
Difference,1,4101
seconded,1,4102
fathomed,1,4103
pained,1,4104
east,1,4105
commended,1,4106
opens,1,4107
Clayton,1,4108
mildest,1,4109
slyness,1,4110
ice,1,4111
burying,1,4112
evinced,1,4113
abhor,1,4114
Soup,1,4115
decree,1,4116
direful,1,4117
enlarged,1,4118
defend,1,4119
Excellent,1,4120
kindred,1,4121
curls,1,4122
suspension,1,4123
tosses,1,4124
dusk,1,4125
lessons,1,4126
clerk,1,4127
honours,1,4128
intimation,1,4129
altar,1,4130
astonish,1,4131
greensward,1,4132
cloth,1,4133
hearts,1,4134
fancies,1,4135
hang,1,4136
salt,1,4137
spencer,1,4138
aright,1,4139
gifts,1,4140
cream,1,4141
wrap,1,4142
lands,1,4143
brutal,1,4144
abundant,1,4145
dirt,1,4146
nicer,1,4147
candidly,1,4148
bailiff,1,4149
Instances,1,4150
wounding,1,4151
ends,1,4152
capricious,1,4153
romantic,1,4154
insulting,1,4155
figured,1,4156
ties,1,4157
substitute,1,4158
chained,1,4159
forgets,1,4160
mirth,1,4161
ornament,1,4162
justest,1,4163
broth,1,4164
insinuate,1,4165
objecting,1,4166
empty,1,4167
unreserved,1,4168
Delighted,1,4169
rung,1,4170
sanguinely,1,4171
Nor,1,4172
fortuitous,1,4173
Mistake,1,4174
outstepped,1,4175
espionage,1,4176
errands,1,4177
linguist,1,4178
Seats,1,4179
frost,1,4180
filling,1,4181
jewels,1,4182
grudged,1,4183
prophecies,1,4184
palatable,1,4185
unison,1,4186
pan,1,4187
diligence,1,4188
twilight,1,4189
overtake,1,4190
resorted,1,4191
maids,1,4192
ditch,1,4193
craig,1,4194
seaside,1,4195
confirm,1,4196
annoyance,1,4197
ordinarily,1,4198
threaten,1,4199
triumphant,1,4200
robe,1,4201
vent,1,4202
greatness,1,4203
fastidious,1,4204
endeared,1,4205
useable,1,4206
unsaid,1,4207
vacation,1,4208
bewitches,1,4209
Tom,1,4210
puppyism,1,4211
Receive,1,4212
reign,1,4213
eclat,1,4214
Alderneys,1,4215
specimen,1,4216
qualify,1,4217
properest,1,4218
turnip,1,4219
released,1,4220
strangers,1,4221
porker,1,4222
regulated,1,4223
shorten,1,4224
rides,1,4225
bangs,1,4226
deafer,1,4227
crayon,1,4228
feminine,1,4229
shows,1,4230
Rousing,1,4231
High,1,4232
absorbing,1,4233
flatteries,1,4234
Soft,1,4235
clemency,1,4236
incidental,1,4237
curtseys,1,4238
productive,1,4239
erroneous,1,4240
despaired,1,4241
presiding,1,4242
evasions,1,4243
enemies,1,4244
methodical,1,4245
Him,1,4246
salting,1,4247
row,1,4248
final,1,4249
stagnation,1,4250
clerks,1,4251
admirably,1,4252
designedly,1,4253
fling,1,4254
conniving,1,4255
strive,1,4256
intrigue,1,4257
hypocrisy,1,4258
Theodore,1,4259
discharged,1,4260
weakly,1,4261
dissolved,1,4262
desire,1,4263
projects,1,4264
Rather,1,4265
crosser,1,4266
engrossing,1,4267
briefly,1,4268
avenue,1,4269
reticule,1,4270
consented,1,4271
Lady,1,4272
Standing,1,4273
durable,1,4274
unclosing,1,4275
rejoicing,1,4276
wantonness,1,4277
feebleness,1,4278
Madness,1,4279
outgrown,1,4280
channel,1,4281
passive,1,4282
Compressed,1,4283
Tupman,1,4284
mimic,1,4285
surprizes,1,4286
dog,1,4287
politics,1,4288
clearest,1,4289
reproofs,1,4290
fourteen,1,4291
vehicle,1,4292
affirm,1,4293
labours,1,4294
lecture,1,4295
variations,1,4296
shrunk,1,4297
Baronne,1,4298
Fine,1,4299
puff,1,4300
dyed,1,4301
ult,1,4302
vindicated,1,4303
steadiest,1,4304
finishing,1,4305
admits,1,4306
forbade,1,4307
intends,1,4308
waking,1,4309
bleak,1,4310
covert,1,4311
proudest,1,4312
wan,1,4313
feed,1,4314
Forcing,1,4315
verbal,1,4316
bearer,1,4317
distresses,1,4318
agitating,1,4319
cloud,1,4320
embraces,1,4321
fatiguing,1,4322
dusty,1,4323
shoulder,1,4324
casement,1,4325
veils,1,4326
mutterings,1,4327
Happier,1,4328
ring,1,4329
argued,1,4330
departed,1,4331
disapprove,1,4332
fore,1,4333
choose,1,4334
disturbing,1,4335
tables,1,4336
shells,1,4337
coldest,1,4338
quits,1,4339
bless,1,4340
Break,1,4341
Conjecture,1,4342
General,1,4343
crossness,1,4344
corals,1,4345
outree,1,4346
conferred,1,4347
captivated,1,4348
obstacles,1,4349
masters,1,4350
cavil,1,4351
seats,1,4352
Randall,1,4353
couplet,1,4354
quieter,1,4355
prime,1,4356
rarity,1,4357
defies,1,4358
homely,1,4359
allusions,1,4360
beaufet,1,4361
joyously,1,4362
detached,1,4363
fixing,1,4364
imposing,1,4365
defined,1,4366
interpret,1,4367
overseers,1,4368
vicinity,1,4369
situated,1,4370
unbidden,1,4371
borrow,1,4372
doctoring,1,4373
Children,1,4374
portraits,1,4375
stories,1,4376
yielding,1,4377
politest,1,4378
war,1,4379
infinity,1,4380
tenderly,1,4381
band,1,4382
healed,1,4383
blinder,1,4384
blanche,1,4385
worldly,1,4386
medley,1,4387
dispel,1,4388
sixpences,1,4389
coldly,1,4390
doubtfully,1,4391
defended,1,4392
indicated,1,4393
solicited,1,4394
guileless,1,4395
wool,1,4396
malt,1,4397
Dorking,1,4398
strangest,1,4399
acceded,1,4400
personage,1,4401
divert,1,4402
testify,1,4403
Baly,1,4404
discussed,1,4405
forms,1,4406
fills,1,4407
insane,1,4408
featured,1,4409
Imprudent,1,4410
waded,1,4411
touchstone,1,4412
formation,1,4413
violence,1,4414
freaks,1,4415
saves,1,4416
kingdoms,1,4417
interior,1,4418
vowed,1,4419
shortening,1,4420
idlest,1,4421
outcry,1,4422
protesting,1,4423
displaying,1,4424
lot,1,4425
Farmer,1,4426
vainly,1,4427
privation,1,4428
pastures,1,4429
sublimity,1,4430
stomacher,1,4431
mounted,1,4432
plainer,1,4433
preface,1,4434
sets,1,4435
lodgings,1,4436
pensive,1,4437
brisk,1,4438
hardened,1,4439
sinned,1,4440
curtains,1,4441
Put,1,4442
correspond,1,4443
newly,1,4444
Reports,1,4445
Beg,1,4446
confiding,1,4447
sweeping,1,4448
alliances,1,4449
vexations,1,4450
irksome,1,4451
woollen,1,4452
thriving,1,4453
Wickedness,1,4454
rival,1,4455
Engaged,1,4456
relapse,1,4457
Abominable,1,4458
shepherd,1,4459
wedging,1,4460
conveyance,1,4461
depression,1,4462
audibly,1,4463
blundered,1,4464
retort,1,4465
Sept,1,4466
orders,1,4467
coast,1,4468
shivering,1,4469
prologue,1,4470
blunt,1,4471
bending,1,4472
docile,1,4473
beginnings,1,4474
erection,1,4475
limb,1,4476
entrapped,1,4477
magnified,1,4478
deposit,1,4479
indecision,1,4480
adoring,1,4481
confuse,1,4482
closet,1,4483
knee,1,4484
faultless,1,4485
gradual,1,4486
pressure,1,4487
retentive,1,4488
Ostalis,1,4489
watches,1,4490
forswear,1,4491
reluctant,1,4492
hood,1,4493
devil,1,4494
sauciness,1,4495
Perfect,1,4496
demerits,1,4497
endanger,1,4498
Gratifying,1,4499
aimable,1,4500
Park,1,4501
solemnity,1,4502
unsullied,1,4503
Skilful,1,4504
par,1,4505
faints,1,4506
penknife,1,4507
contracted,1,4508
Want,1,4509
prolonged,1,4510
seduced,1,4511
foretold,1,4512
useless,1,4513
putrid,1,4514
styles,1,4515
struggles,1,4516
lungs,1,4517
engravings,1,4518
dubious,1,4519
unfeigned,1,4520
keen,1,4521
washing,1,4522
vacancies,1,4523
assailed,1,4524
apologised,1,4525
sitters,1,4526
Madame,1,4527
hurting,1,4528
conducting,1,4529
weakened,1,4530
habitual,1,4531
rudeness,1,4532
Voices,1,4533
infancy,1,4534
feigning,1,4535
shortness,1,4536
Miniatures,1,4537
comprised,1,4538
exteriors,1,4539
stimulate,1,4540
wearied,1,4541
preclude,1,4542
stationary,1,4543
starting,1,4544
Italian,1,4545
dilatory,1,4546
pique,1,4547
amounting,1,4548
sixpence,1,4549
changeable,1,4550
negatives,1,4551
sublime,1,4552
implore,1,4553
dares,1,4554
meanly,1,4555
immaterial,1,4556
trembled,1,4557
Brother,1,4558
scarlet,1,4559
adequate,1,4560
geography,1,4561
cabbage,1,4562
dispersing,1,4563
swiftly,1,4564
badly,1,4565
Pleasure,1,4566
humanely,1,4567
Dirty,1,4568
fastening,1,4569
sky,1,4570
comparing,1,4571
conversed,1,4572
waives,1,4573
vanities,1,4574
unpolished,1,4575
dumplings,1,4576
secrets,1,4577
Decidedly,1,4578
condolence,1,4579
unsteady,1,4580
sup,1,4581
terrified,1,4582
Grandmama,1,4583
popular,1,4584
allay,1,4585
lighter,1,4586
discreetly,1,4587
apartments,1,4588
Increase,1,4589
flight,1,4590
hindered,1,4591
thaw,1,4592
grammarian,1,4593
minister,1,4594
elms,1,4595
liberties,1,4596
shy,1,4597
chancing,1,4598
competence,1,4599
patch,1,4600
composing,1,4601
Like,1,4602
ribband,1,4603
hourly,1,4604
destin,1,4605
deadening,1,4606
knack,1,4607
winning,1,4608
Bear,1,4609
hired,1,4610
stream,1,4611
Chuse,1,4612
modestly,1,4613
deposited,1,4614
puzzling,1,4615
breaks,1,4616
Richardson,1,4617
unselfish,1,4618
Garrick,1,4619
results,1,4620
approver,1,4621
boyish,1,4622
reprove,1,4623
murmurs,1,4624
dropped,1,4625
cope,1,4626
statement,1,4627
freak,1,4628
lazy,1,4629
nervously,1,4630
whim,1,4631
refuted,1,4632
nonsenses,1,4633
startled,1,4634
expressly,1,4635
affixed,1,4636
abolition,1,4637
posture,1,4638
freeze,1,4639
caprices,1,4640
demand,1,4641
whispers,1,4642
Open,1,4643
capacity,1,4644
unfinished,1,4645
archly,1,4646
drifted,1,4647
morality,1,4648
boastful,1,4649
medical,1,4650
repaid,1,4651
tidy,1,4652
dishes,1,4653
Prince,1,4654
paling,1,4655
Human,1,4656
behalf,1,4657
clover,1,4658
Pembroke,1,4659
Beautiful,1,4660
male,1,4661
industry,1,4662
eligibly,1,4663
redeem,1,4664
loudness,1,4665
impose,1,4666
drunk,1,4667
esteeming,1,4668
Holyhead,1,4669
Waiving,1,4670
Abbots,1,4671
smell,1,4672
presides,1,4673
supposes,1,4674
intimately,1,4675
increases,1,4676
mostly,1,4677
thinner,1,4678
uttered,1,4679
Venice,1,4680
memorandum,1,4681
ware,1,4682
Boarding,1,4683
gross,1,4684
Gone,1,4685
fogs,1,4686
gossips,1,4687
accord,1,4688
creep,1,4689
Handsome,1,4690
harboured,1,4691
thanker,1,4692
spleen,1,4693
expedient,1,4694
stanza,1,4695
scholar,1,4696
shrinking,1,4697
regularity,1,4698
penitence,1,4699
clinging,1,4700
blown,1,4701
Later,1,4702
liberally,1,4703
chatter,1,4704
nnight,1,4705
Catherine,1,4706
unprovided,1,4707
hazards,1,4708
observable,1,4709
untoward,1,4710
spinet,1,4711
begs,1,4712
heartfelt,1,4713
glee,1,4714
purity,1,4715
basins,1,4716
pop,1,4717
French,1,4718
ambition,1,4719
extend,1,4720
silently,1,4721
speck,1,4722
maps,1,4723
beet,1,4724
Living,1,4725
drifting,1,4726
buttons,1,4727
leaned,1,4728
mounts,1,4729
frighten,1,4730
baking,1,4731
secluded,1,4732
candidates,1,4733
accrue,1,4734
motto,1,4735
awakened,1,4736
square,1,4737
hardy,1,4738
depart,1,4739
exerted,1,4740
recital,1,4741
figures,1,4742
gainer,1,4743
Escape,1,4744
nominal,1,4745
Altogether,1,4746
Stilton,1,4747
Yours,1,4748
fidgeting,1,4749
lawfully,1,4750
locked,1,4751
cattle,1,4752
paradings,1,4753
base,1,4754
goings,1,4755
piquet,1,4756
inventing,1,4757
stays,1,4758
baker,1,4759
attribute,1,4760
daringly,1,4761
lacing,1,4762
vagaries,1,4763
intervals,1,4764
vex,1,4765
angles,1,4766
earliest,1,4767
wearying,1,4768
pressingly,1,4769
thrive,1,4770
enviable,1,4771
sons,1,4772
portrait,1,4773
deed,1,4774
sedate,1,4775
doat,1,4776
courageous,1,4777
commonest,1,4778
outwardly,1,4779
Pain,1,4780
Picture,1,4781
Nature,1,4782
mortify,1,4783
inclines,1,4784
appendages,1,4785
befriended,1,4786
follies,1,4787
negligence,1,4788
Weather,1,4789
Anxious,1,4790
velocity,1,4791
inability,1,4792
tremor,1,4793
pure,1,4794
Lieut,1,4795
rave,1,4796
Fortunate,1,4797
divested,1,4798
promoting,1,4799
laying,1,4800
goodly,1,4801
likeliest,1,4802
chapter,1,4803
haunted,1,4804
contain,1,4805
deliver,1,4806
Genlis,1,4807
woeful,1,4808
served,1,4809
deranged,1,4810
energetic,1,4811
darling,1,4812
Balls,1,4813
tenderer,1,4814
robbed,1,4815
coolness,1,4816
uncivil,1,4817
recordable,1,4818
merited,1,4819
influenza,1,4820
timidity,1,4821
puzzles,1,4822
finds,1,4823
abstained,1,4824
passant,1,4825
Goldsmith,1,4826
intreat,1,4827
donkeys,1,4828
untowardly,1,4829
unimpeded,1,4830
obtaining,1,4831
resided,1,4832
cramp,1,4833
daring,1,4834
privately,1,4835
column,1,4836
hat,1,4837
reproached,1,4838
Almost,1,4839
subscribe,1,4840
widely,1,4841
imaginist,1,4842
undoubted,1,4843
applicants,1,4844
forever,1,4845
token,1,4846
Trouble,1,4847
Find,1,4848
arrear,1,4849
adherence,1,4850
turkeys,1,4851
drowned,1,4852
haunting,1,4853
jumble,1,4854
indefinite,1,4855
confirming,1,4856
shrugged,1,4857
Books,1,4858
dated,1,4859
tarts,1,4860
epithets,1,4861
homewards,1,4862
willed,1,4863
fuss,1,4864
especial,1,4865
dumpling,1,4866
gains,1,4867
Angry,1,4868
assertion,1,4869
contract,1,4870
dissuaded,1,4871
prevalent,1,4872
unpretty,1,4873
undertook,1,4874
sheepskin,1,4875
corrected,1,4876
sharer,1,4877
parsnip,1,4878
acquitted,1,4879
breast,1,4880
washed,1,4881
Five,1,4882
decisively,1,4883
Master,1,4884
devise,1,4885
unconcern,1,4886
Composure,1,4887
cautioned,1,4888
bound,1,4889
inheriting,1,4890
throws,1,4891
baskets,1,4892
haunts,1,4893
outlived,1,4894
offending,1,4895
doleful,1,4896
saffron,1,4897
unvarying,1,4898
root,1,4899
preached,1,4900
purest,1,4901
attaching,1,4902
fidget,1,4903
diffuse,1,4904
invaluable,1,4905
dispensed,1,4906
Cramer,1,4907
twisted,1,4908
Finesse,1,4909
accepts,1,4910
integrity,1,4911
throats,1,4912
build,1,4913
undergo,1,4914
Warmth,1,4915
essay,1,4916
plot,1,4917
twinkling,1,4918
ripening,1,4919
retained,1,4920
carries,1,4921
Myself,1,4922
inference,1,4923
pools,1,4924
punctual,1,4925
explored,1,4926
inspect,1,4927
bearers,1,4928
schemed,1,4929
wilfully,1,4930
twentieth,1,4931
fat,1,4932
using,1,4933
feet,1,4934
betweens,1,4935
concert,1,4936
overcame,1,4937
taller,1,4938
Ill,1,4939
duped,1,4940
judges,1,4941
serenity,1,4942
humane,1,4943
knock,1,4944
acuteness,1,4945
lie,1,4946
handle,1,4947
undertake,1,4948
differ,1,4949
bond,1,4950
discontent,1,4951
pupil,1,4952
shan,1,4953
Conceive,1,4954
Exquisite,1,4955
colder,1,4956
Believe,1,4957
detailing,1,4958
attributed,1,4959
labouring,1,4960
ungenial,1,4961
ahead,1,4962
consequent,1,4963
resemble,1,4964
repulsed,1,4965
moralised,1,4966
grossly,1,4967
quaint,1,4968
emphasis,1,4969
picnic,1,4970
Smiles,1,4971
leniently,1,4972
classed,1,4973
cry,1,4974
gang,1,4975
Candles,1,4976
similarity,1,4977
witnessing,1,4978
receipt,1,4979
literature,1,4980
joints,1,4981
joyfully,1,4982
pales,1,4983
awe,1,4984
convivial,1,4985
heiress,1,4986
sums,1,4987
performers,1,4988
queen,1,4989
environs,1,4990
doings,1,4991
teaching,1,4992
handled,1,4993
Serious,1,4994
dashing,1,4995
hay,1,4996
oppressive,1,4997
sobering,1,4998
feebly,1,4999
sour,1,5000
pencilled,1,5001
king,1,5002
Kindled,1,5003
chimney,1,5004
Tan,1,5005
preferment,1,5006
expenses,1,5007
agitate,1,5008
During,1,5009
Comtesse,1,5010
narrower,1,5011
relented,1,5012
mum,1,5013
owner,1,5014
illiberal,1,5015
encroach,1,5016
weekly,1,5017
waltz,1,5018
facts,1,5019
disperse,1,5020
giggle,1,5021
scorned,1,5022
pedal,1,5023
awes,1,5024
undaunted,1,5025
rambling,1,5026
lets,1,5027
haphazard,1,5028
bar,1,5029
oath,1,5030
recovery,1,5031
smartened,1,5032
demanding,1,5033
abused,1,5034
blocked,1,5035
obstacle,1,5036
harmonise,1,5037
plausible,1,5038
affix,1,5039
tradesman,1,5040
purchased,1,5041
liquor,1,5042
courses,1,5043
poorer,1,5044
honesty,1,5045
mournful,1,5046
arrow,1,5047
excesses,1,5048
boils,1,5049
differing,1,5050
unbecoming,1,5051
nicety,1,5052
unbroken,1,5053
dwellings,1,5054
recited,1,5055
fidgets,1,5056
Although,1,5057
clean,1,5058
fluttered,1,5059
amid,1,5060
replacing,1,5061
vision,1,5062
shops,1,5063
dews,1,5064
Manners,1,5065
rack,1,5066
upbraid,1,5067
unsettled,1,5068
midsummer,1,5069
rheumatic,1,5070
rubbers,1,5071
permit,1,5072
mock,1,5073
disputing,1,5074
marriages,1,5075
emulate,1,5076
deprecated,1,5077
News,1,5078
curse,1,5079
spoil,1,5080
harsh,1,5081
elect,1,5082
knit,1,5083
Real,1,5084
spoon,1,5085
drudge,1,5086
Fortune,1,5087
compress,1,5088
undecided,1,5089
sufferers,1,5090
pulling,1,5091
hindrance,1,5092
Ought,1,5093
fondling,1,5094
resorting,1,5095
prescribed,1,5096
beau,1,5097
forestall,1,5098
disservice,1,5099
nearest,1,5100
Early,1,5101
coachmen,1,5102
begging,1,5103
confers,1,5104
politician,1,5105
refrained,1,5106
glossed,1,5107
hurts,1,5108
deprived,1,5109
reviving,1,5110
aches,1,5111
amounted,1,5112
swayed,1,5113
meditating,1,5114
Otways,1,5115
exultingly,1,5116
exchanging,1,5117
roundabout,1,5118
penury,1,5119
Scotland,1,5120
streets,1,5121
unemployed,1,5122
demurred,1,5123
fearing,1,5124
verified,1,5125
unmarried,1,5126
tottering,1,5127
purple,1,5128
occurs,1,5129
imagines,1,5130
aids,1,5131
Dating,1,5132
allies,1,5133
worry,1,5134
allied,1,5135
sauntering,1,5136
aghast,1,5137
notch,1,5138
curtain,1,5139
testifying,1,5140
despatched,1,5141
blushes,1,5142
Shortly,1,5143
doubled,1,5144
resulting,1,5145
christened,1,5146
slept,1,5147
fluently,1,5148
fields,1,5149
divined,1,5150
notes,1,5151
awoke,1,5152
clothes,1,5153
obstinate,1,5154
briskness,1,5155
deedily,1,5156
lengthened,1,5157
Unwelcome,1,5158
lapse,1,5159
Pardon,1,5160
abide,1,5161
pigeon,1,5162
dispensing,1,5163
Place,1,5164
sash,1,5165
sunshine,1,5166
appreciate,1,5167
standard,1,5168
profitable,1,5169
sell,1,5170
prosings,1,5171
timber,1,5172
stirring,1,5173
movement,1,5174
coupled,1,5175
trampers,1,5176
accuse,1,5177
treble,1,5178
labourers,1,5179
implicitly,1,5180
tempting,1,5181
guidance,1,5182
richest,1,5183
repugnance,1,5184
stands,1,5185
polish,1,5186
broadly,1,5187
Methodical,1,5188
wrapped,1,5189
blooming,1,5190
Small,1,5191
drizzle,1,5192
inspired,1,5193
gestures,1,5194
lamb,1,5195
fresco,1,5196
unevenness,1,5197
proverb,1,5198
agreement,1,5199
scream,1,5200
Playing,1,5201
tongues,1,5202
undesigned,1,5203
courts,1,5204
errantry,1,5205
regiment,1,5206
sullenness,1,5207
conferring,1,5208
messages,1,5209
limes,1,5210
Hall,1,5211
tattle,1,5212
subsided,1,5213
avowed,1,5214
knife,1,5215
penetrated,1,5216
blaming,1,5217
blamed,1,5218
quarto,1,5219
systems,1,5220
rewarded,1,5221
dissipate,1,5222
tempers,1,5223
abhorred,1,5224
summoned,1,5225
wink,1,5226
establish,1,5227
disliked,1,5228
gold,1,5229
chilblains,1,5230
discerning,1,5231
originally,1,5232
stealth,1,5233
ornaments,1,5234
humility,1,5235
disordered,1,5236
Mark,1,5237
crown,1,5238
ancient,1,5239
ceiling,1,5240
inspire,1,5241
mania,1,5242
tires,1,5243
commands,1,5244
novitiate,1,5245
mid,1,5246
jokes,1,5247
charmed,1,5248
attorney,1,5249
listener,1,5250
rout,1,5251
sucking,1,5252
bordering,1,5253
whichever,1,5254
tautology,1,5255
alphabet,1,5256
wept,1,5257
darting,1,5258
countries,1,5259
soothe,1,5260
repute,1,5261
glibly,1,5262
uppermost,1,5263
prolong,1,5264
sheet,1,5265
regulate,1,5266
crayons,1,5267
cautiously,1,5268
confound,1,5269
extricated,1,5270
needlessly,1,5271
Hum,1,5272
harshly,1,5273
Graham,1,5274
West,1,5275
tune,1,5276
sports,1,5277
visitings,1,5278
memorial,1,5279
forgiving,1,5280
heightened,1,5281
aggrandise,1,5282
push,1,5283
enlarge,1,5284
encourager,1,5285
auspices,1,5286
rued,1,5287
Talking,1,5288
expectant,1,5289
indistinct,1,5290
win,1,5291
cherishing,1,5292
rendering,1,5293
entree,1,5294
unkind,1,5295
rushed,1,5296
pillars,1,5297
circles,1,5298
league,1,5299
insipid,1,5300
happens,1,5301
victims,1,5302
cleverness,1,5303
York,1,5304
mend,1,5305
failings,1,5306
Ceremonies,1,5307
heroine,1,5308
select,1,5309
Trust,1,5310
chapters,1,5311
western,1,5312
Mermaids,1,5313
roasted,1,5314
pore,1,5315
revive,1,5316
Jeffereys,1,5317
orderly,1,5318
scenes,1,5319
impelled,1,5320
groundwork,1,5321
accounting,1,5322
soften,1,5323
reinstate,1,5324
readiest,1,5325
fellows,1,5326
completion,1,5327
accents,1,5328
luxuries,1,5329
nobility,1,5330
errant,1,5331
accusation,1,5332
diffuses,1,5333
permanent,1,5334
administer,1,5335
orphan,1,5336
tittle,1,5337
fenced,1,5338
mighty,1,5339
repressing,1,5340
volubility,1,5341
inflicting,1,5342
sandwiches,1,5343
confide,1,5344
keenly,1,5345
protecting,1,5346
falsehoods,1,5347
gradations,1,5348
adoption,1,5349
Lively,1,5350
proves,1,5351
vault,1,5352
Ungrateful,1,5353
changes,1,5354
coddling,1,5355
quarrels,1,5356
rapturous,1,5357
advancing,1,5358
traits,1,5359
fits,1,5360
dust,1,5361
flowed,1,5362
sealed,1,5363
merchant,1,5364
relenting,1,5365
songs,1,5366
Arthur,1,5367
camp,1,5368
gaieties,1,5369
fence,1,5370
horsewoman,1,5371
southward,1,5372
teased,1,5373
worthies,1,5374
dwelling,1,5375
opportune,1,5376
mansion,1,5377
Extremely,1,5378
perforce,1,5379
bluntness,1,5380
Cowper,1,5381
sagacity,1,5382
pudding,1,5383
nought,1,5384
espalier,1,5385
abundantly,1,5386
dawdling,1,5387
caviller,1,5388
gossip,1,5389
Cooper,1,5390
citizen,1,5391
exceeds,1,5392
leaves,1,5393
vocal,1,5394
mildness,1,5395
nod,1,5396
actions,1,5397
artlessly,1,5398
worshipped,1,5399
hows,1,5400
military,1,5401
detestable,1,5402
bars,1,5403
Stay,1,5404
leather,1,5405
Quantities,1,5406
sounded,1,5407
carelessly,1,5408
pies,1,5409
suffice,1,5410
sorts,1,5411
milder,1,5412
affecting,1,5413
Hazle,1,5414
swelled,1,5415
assorted,1,5416
Once,1,5417
dispose,1,5418
hardships,1,5419
utility,1,5420
scouted,1,5421
Madeira,1,5422
harbour,1,5423
usefulness,1,5424
Langham,1,5425
severity,1,5426
Apologies,1,5427
prefers,1,5428
remote,1,5429
pre,1,5430
riding,1,5431
turnips,1,5432
hautboy,1,5433
pick,1,5434
spoilt,1,5435
inroads,1,5436
consistent,1,5437
Neptune,1,5438
insensibly,1,5439
represent,1,5440
reproaches,1,5441
According,1,5442
seconds,1,5443
regarding,1,5444
debasement,1,5445
Green,1,5446
foppery,1,5447
cakes,1,5448
verse,1,5449
voted,1,5450
scepticism,1,5451
sharks,1,5452
suppressed,1,5453
literally,1,5454
ribbons,1,5455
patiently,1,5456
ecstasies,1,5457
Caroline,1,5458
crosses,1,5459
doatingly,1,5460
guidable,1,5461
unclosed,1,5462
blot,1,5463
wretches,1,5464
corn,1,5465
non,1,5466
carrot,1,5467
omit,1,5468
idolized,1,5469
coarseness,1,5470
effusions,1,5471
oysters,1,5472
debate,1,5473
inebriety,1,5474
readier,1,5475
knight,1,5476
lieu,1,5477
Hush,1,5478
unluckily,1,5479
waiters,1,5480
fraud,1,5481
Aunt,1,5482
Contrary,1,5483
restricted,1,5484
unexamined,1,5485
dejection,1,5486
mute,1,5487
bake,1,5488
prone,1,5489
infamous,1,5490
ungallant,1,5491
jumping,1,5492
hopeless,1,5493
expedition,1,5494
Name,1,5495
Shocking,1,5496
issued,1,5497
Common,1,5498
undoubting,1,5499
groundless,1,5500
curled,1,5501
doom,1,5502
giver,1,5503
delegating,1,5504
tray,1,5505
laborious,1,5506
Kings,1,5507
finessing,1,5508
workmen,1,5509
Absolute,1,5510
undone,1,5511
Bought,1,5512
render,1,5513
decorated,1,5514
improves,1,5515
Liable,1,5516
accession,1,5517
smoke,1,5518
admires,1,5519
honouring,1,5520
portioning,1,5521
praises,1,5522
diverting,1,5523
adding,1,5524
trophies,1,5525
recourse,1,5526
forwarding,1,5527
tumbler,1,5528
hatred,1,5529
mount,1,5530
pollards,1,5531
copying,1,5532
antagonist,1,5533
enmity,1,5534
articulate,1,5535
sheets,1,5536
medals,1,5537
vanish,1,5538
shifted,1,5539
sheep,1,5540
conundrums,1,5541
aspersion,1,5542
overrated,1,5543
Austen,1,5544
steadier,1,5545
fed,1,5546
mercantile,1,5547
rows,1,5548
Chili,1,5549
resisting,1,5550
reigning,1,5551
accused,1,5552
seminary,1,5553
avowedly,1,5554
sin,1,5555
screwed,1,5556
motionless,1,5557
endurance,1,5558
packs,1,5559
wounded,1,5560
hateful,1,5561
overthrow,1,5562
players,1,5563
syllables,1,5564
deriving,1,5565
boiling,1,5566
certified,1,5567
murmured,1,5568
waters,1,5569
count,1,5570
Tiresome,1,5571
hospitable,1,5572
fro,1,5573
celibacy,1,5574
Low,1,5575
forgave,1,5576
rises,1,5577
cooling,1,5578
personally,1,5579
distrusted,1,5580
minced,1,5581
informs,1,5582
Harry,1,5583
genial,1,5584
entitle,1,5585
cabinets,1,5586
Surprizes,1,5587
crushed,1,5588
busiest,1,5589
flying,1,5590
endeavours,1,5591
suffers,1,5592
fricassee,1,5593
fails,1,5594
effecting,1,5595
prevails,1,5596
unchanged,1,5597
counties,1,5598
Beavers,1,5599
obviate,1,5600
solitarily,1,5601
finale,1,5602
irritable,1,5603
misbehave,1,5604
loser,1,5605
unasked,1,5606
gout,1,5607
loneliness,1,5608
unanswered,1,5609
villain,1,5610
bursts,1,5611
coaches,1,5612
repentance,1,5613
omitting,1,5614
declaring,1,5615
indoors,1,5616
relish,1,5617
stars,1,5618
Sixty,1,5619
King,1,5620
Matrimony,1,5621
tremulous,1,5622
relapsing,1,5623
assert,1,5624
Seven,1,5625
bulky,1,5626
secures,1,5627
travels,1,5628
errs,1,5629
expedients,1,5630
flushed,1,5631
requested,1,5632
officious,1,5633
sphere,1,5634
pulmonary,1,5635
revolts,1,5636
adviser,1,5637
cheese,1,5638
bandied,1,5639
matting,1,5640
woods,1,5641
unbiased,1,5642
believes,1,5643
adored,1,5644
existed,1,5645
attends,1,5646
movements,1,5647
Madam,1,5648
exult,1,5649
sideboard,1,5650
commonly,1,5651
Suppose,1,5652
mule,1,5653
scoundrel,1,5654
flurry,1,5655
bounds,1,5656
pitcher,1,5657
sluggish,1,5658
brick,1,5659
games,1,5660
spurn,1,5661
measuring,1,5662
amidst,1,5663
envied,1,5664
precedent,1,5665
Almane,1,5666
livelihood,1,5667
Hitherto,1,5668
gloried,1,5669
Natural,1,5670
sample,1,5671
sleepless,1,5672
adieus,1,5673
habitation,1,5674
fight,1,5675
career,1,5676
verdure,1,5677
partners,1,5678
Wrong,1,5679
Dancing,1,5680
softly,1,5681
Middling,1,5682
olive,1,5683
affability,1,5684
wicked,1,5685
mails,1,5686
route,1,5687
doctrines,1,5688
combated,1,5689
heretofore,1,5690
schoolroom,1,5691
car,1,5692
rice,1,5693
flirted,1,5694
services,1,5695
possesses,1,5696
avenues,1,5697
arranging,1,5698
interfered,1,5699
slap,1,5700
sacred,1,5701
tie,1,5702
sneers,1,5703
clamorous,1,5704
flavour,1,5705
injuries,1,5706
prisoner,1,5707
funeral,1,5708
landed,1,5709
cloak,1,5710
urbanity,1,5711
vouchsafed,1,5712
maternal,1,5713
disrespect,1,5714
weary,1,5715
lowering,1,5716
brace,1,5717
pent,1,5718
impediment,1,5719
fragrance,1,5720
stoutly,1,5721
carpet,1,5722
operations,1,5723
consisting,1,5724
currants,1,5725
housemaid,1,5726
solidity,1,5727
pacing,1,5728
lowest,1,5729
disguise,1,5730
deceptions,1,5731
trident,1,5732
pronouns,1,5733
Mine,1,5734
aspect,1,5735
shine,1,5736
Tupmans,1,5737
duly,1,5738
theirs,1,5739
exclude,1,5740
impartial,1,5741
custard,1,5742
northward,1,5743
upstairs,1,5744
birthday,1,5745
prized,1,5746
inward,1,5747
worship,1,5748
throwing,1,5749
vaunted,1,5750
blameable,1,5751
Absence,1,5752
brilliancy,1,5753
whirling,1,5754
regained,1,5755
canvassing,1,5756
requesting,1,5757
hundreds,1,5758
values,1,5759
fitted,1,5760
stricken,1,5761
reckoning,1,5762
spacious,1,5763
invites,1,5764
grease,1,5765
cockade,1,5766
Plain,1,5767
attainable,1,5768
professing,1,5769
smells,1,5770
anything,1,5771
wins,1,5772
assented,1,5773
Quick,1,5774
ciphers,1,5775
Fetch,1,5776
henceforth,1,5777
pardoned,1,5778
claiming,1,5779
bath,1,5780
Anna,1,5781
mustered,1,5782
dismal,1,5783
dignities,1,5784
despise,1,5785
sequel,1,5786
enchanted,1,5787
Success,1,5788
stationing,1,5789
buyings,1,5790
pieces,1,5791
horrid,1,5792
souls,1,5793
fatal,1,5794
Wax,1,5795
languish,1,5796
Sighs,1,5797
steep,1,5798
engross,1,5799
backward,1,5800
articles,1,5801
dialogues,1,5802
modesty,1,5803
Call,1,5804
eyelashes,1,5805
yeomanry,1,5806
lateness,1,5807
unexampled,1,5808
hems,1,5809
cows,1,5810
wheat,1,5811
rub,1,5812
pervert,1,5813
contrasted,1,5814
acre,1,5815
unfolded,1,5816
lending,1,5817
Milmans,1,5818
hid,1,5819
renting,1,5820
overrating,1,5821
denoted,1,5822
Patroness,1,5823
stayed,1,5824
Certain,1,5825
Service,1,5826
storeroom,1,5827
indelicate,1,5828
devoid,1,5829
compatible,1,5830
resulted,1,5831
rejection,1,5832
ruin,1,5833
undergoing,1,5834
exceeding,1,5835
classing,1,5836
senseless,1,5837
perplexing,1,5838
artificial,1,5839
boil,1,5840
slippery,1,5841
disclaimed,1,5842
gently,1,5843
fourth,1,5844
weddings,1,5845
Barnes,1,5846
complained,1,5847
forfeited,1,5848
treats,1,5849
doer,1,5850
quicker,1,5851
greeted,1,5852
treasuring,1,5853
fruitless,1,5854
enabled,1,5855
rooted,1,5856
Cobham,1,5857
park,1,5858
afloat,1,5859
brunt,1,5860
dealt,1,5861
pursue,1,5862
foreboded,1,5863
dupe,1,5864
tones,1,5865
weaker,1,5866
Dining,1,5867
decent,1,5868
rumination,1,5869
magistrate,1,5870
deciding,1,5871
stale,1,5872
Often,1,5873
partly,1,5874
unsafe,1,5875
enjoyable,1,5876
glances,1,5877
vessel,1,5878
minor,1,5879
School,1,5880
instigator,1,5881
tens,1,5882
boasts,1,5883
fold,1,5884
discuss,1,5885
atmosphere,1,5886
works,1,5887
misapply,1,5888
Saunders,1,5889
enters,1,5890
unmarked,1,5891
courtesies,1,5892
minority,1,5893
gaily,1,5894
Anywhere,1,5895
completest,1,5896
Prejudiced,1,5897
wisely,1,5898
lined,1,5899
insulted,1,5900
ceasing,1,5901
limits,1,5902
praising,1,5903
poplin,1,5904
lessening,1,5905
liveliest,1,5906
disgusts,1,5907
bench,1,5908
chattering,1,5909
cleverest,1,5910
Aladdin,1,5911
enumerate,1,5912
gaiters,1,5913
hautboys,1,5914
hunting,1,5915
pack,1,5916
lonely,1,5917
enchanting,1,5918
largest,1,5919
guilty,1,5920
raved,1,5921
Four,1,5922
accident,1,5923
gifted,1,5924
ungenerous,1,5925
prevalence,1,5926
palpable,1,5927
Late,1,5928
absences,1,5929
flatterers,1,5930
Satisfied,1,5931
Cautious,1,5932
connivance,1,5933
debased,1,5934
embodied,1,5935
hastening,1,5936
Proof,1,5937
smilingly,1,5938
Offended,1,5939
impair,1,5940
acrostic,1,5941
Gilberts,1,5942
Marriage,1,5943
quietness,1,5944
asperity,1,5945
clothing,1,5946
Assured,1,5947
forerunner,1,5948
engrafted,1,5949
thou,1,5950
Granted,1,5951
conquering,1,5952
blossom,1,5953
inclining,1,5954
dispelled,1,5955
floated,1,5956
resident,1,5957
oppress,1,5958
impulse,1,5959
commanding,1,5960
lights,1,5961
needlework,1,5962
negative,1,5963
climate,1,5964
fright,1,5965
chambers,1,5966
despoiling,1,5967
shifts,1,5968
literary,1,5969
facing,1,5970
indelicacy,1,5971
repeat,1,5972
baits,1,5973
precedes,1,5974
denotes,1,5975
Broadway,1,5976
invariable,1,5977
inspection,1,5978
Church,1,5979
Married,1,5980
relation,1,5981
vexatious,1,5982
affords,1,5983
lain,1,5984
qualifying,1,5985
enquired,1,5986
apiece,1,5987
Mickleham,1,5988
shod,1,5989
muffin,1,5990
soliloquy,1,5991
stroke,1,5992
Absolutely,1,5993
staggered,1,5994
physician,1,5995
enigmas,1,5996
blinds,1,5997
detailed,1,5998
expiration,1,5999
bows,1,6000
Oftentimes,1,6001
Judge,1,6002
deserts,1,6003
portfolio,1,6004
accosted,1,6005
sympathise,1,6006
flame,1,6007
Tunbridge,1,6008
placidity,1,6009
terseness,1,6010
levity,1,6011
meets,1,6012
plants,1,6013
further,1,6014
smallness,1,6015
indignity,1,6016
folded,1,6017
escaping,1,6018
abode,1,6019
overhear,1,6020
thwarted,1,6021
tedious,1,6022
matched,1,6023
beaming,1,6024
Philippics,1,6025
wreath,1,6026
creditably,1,6027
feverish,1,6028
separating,1,6029
reports,1,6030
teazed,1,6031
Seldom,1,6032
Ambition,1,6033
balance,1,6034
enhanced,1,6035
upstarts,1,6036
retain,1,6037
stuck,1,6038
Fancying,1,6039
anecdote,1,6040
mourners,1,6041
grievances,1,6042
antidote,1,6043
stormy,1,6044
institute,1,6045
curve,1,6046
conveying,1,6047
merest,1,6048
grey,1,6049
deciphered,1,6050
broke,1,6051
ascending,1,6052
repulsive,1,6053
paternal,1,6054
relic,1,6055
Morning,1,6056
tax,1,6057
umbrella,1,6058
retrospect,1,6059
fare,1,6060
arises,1,6061
surviving,1,6062
Acquit,1,6063
kite,1,6064
Women,1,6065
disposing,1,6066
Vicar,1,6067
pangs,1,6068
Poverty,1,6069
reasonably,1,6070
creation,1,6071
clung,1,6072
fervour,1,6073
quickened,1,6074
tied,1,6075
solemnly,1,6076
province,1,6077
bone,1,6078
defects,1,6079
repellent,1,6080
roundly,1,6081
Mitchell,1,6082
unadorned,1,6083
quicken,1,6084
preceded,1,6085
deviation,1,6086
landscapes,1,6087
puddle,1,6088
rained,1,6089
Disputable,1,6090
inflamed,1,6091
accordant,1,6092
tricking,1,6093
nineteen,1,6094
nailed,1,6095
gesture,1,6096
incomplete,1,6097
depending,1,6098
sufferable,1,6099
neatly,1,6100
Manchester,1,6101
internal,1,6102
enquiring,1,6103
Business,1,6104
interposed,1,6105
footsteps,1,6106
surprise,1,6107
impending,1,6108
mode,1,6109
losses,1,6110
ruined,1,6111
precision,1,6112
owning,1,6113
unfriendly,1,6114
purchasing,1,6115
scissors,1,6116
legal,1,6117
encumbered,1,6118
overboard,1,6119
covering,1,6120
helpmate,1,6121
console,1,6122
exterior,1,6123
spheres,1,6124
sails,1,6125
expiation,1,6126
ringing,1,6127
terrors,1,6128
prodigies,1,6129
delineated,1,6130
befriend,1,6131
gala,1,6132
desultory,1,6133
properer,1,6134
unabated,1,6135
dreams,1,6136
Clifton,1,6137
felling,1,6138
peeped,1,6139
outweigh,1,6140
patroness,1,6141
aggression,1,6142
quadrille,1,6143
wasted,1,6144
lavished,1,6145
doth,1,6146
steaks,1,6147
Busy,1,6148
ornamented,1,6149
clergyman,1,6150
capacities,1,6151
sarcastic,1,6152
image,1,6153
prejudices,1,6154
produces,1,6155
detecting,1,6156
Abdy,1,6157
Fourteen,1,6158
wonderings,1,6159
holidays,1,6160
tolerated,1,6161
Sorrow,1,6162
noticed,1,6163
March,1,6164
flower,1,6165
dwindled,1,6166
medicine,1,6167
oddities,1,6168
suppress,1,6169
approves,1,6170
Great,1,6171
gloomy,1,6172
singularly,1,6173
derived,1,6174
soothings,1,6175
battle,1,6176
alas,1,6177
bitterness,1,6178
Agreed,1,6179
Son,1,6180
stare,1,6181
travelled,1,6182
comments,1,6183
defying,1,6184
plentiful,1,6185
concerts,1,6186
acquire,1,6187
remainder,1,6188
idleness,1,6189
stared,1,6190
restoring,1,6191
newspaper,1,6192
red,1,6193
privileges,1,6194
drills,1,6195
Absurd,1,6196
combined,1,6197
pursued,1,6198
ranks,1,6199
renounced,1,6200
dictate,1,6201
imitation,1,6202
constrain,1,6203
broiling,1,6204
slope,1,6205
eminent,1,6206
cameos,1,6207
Mistresses,1,6208
Misses,1,6209
nods,1,6210
unmixed,1,6211
indolent,1,6212
detach,1,6213
dint,1,6214
confine,1,6215
entitling,1,6216
stirred,1,6217
Especially,1,6218
demurs,1,6219
assume,1,6220
fearless,1,6221
honourably,1,6222
deathbed,1,6223
Ours,1,6224
Resentment,1,6225
midnight,1,6226
managed,1,6227
Adopt,1,6228
bids,1,6229
doomed,1,6230
scalloped,1,6231
affable,1,6232
secondly,1,6233
propensity,1,6234
mistakes,1,6235
exercises,1,6236
unbleached,1,6237
patriotism,1,6238
ulcerated,1,6239
holding,1,6240
slices,1,6241
Blessed,1,6242
flowers,1,6243
papas,1,6244
criticism,1,6245
courtship,1,6246
flock,1,6247
counsels,1,6248
pantry,1,6249
seeking,1,6250
release,1,6251
obtrude,1,6252
pour,1,6253
Offices,1,6254
narrative,1,6255
folding,1,6256
resign,1,6257
wheres,1,6258
tormenting,1,6259
enclosed,1,6260
Making,1,6261
heritage,1,6262
surmises,1,6263
buy,1,6264
timed,1,6265
usher,1,6266
universal,1,6267
waits,1,6268
tricks,1,6269
drown,1,6270
enormous,1,6271
dictated,1,6272
oppression,1,6273
comment,1,6274
dutiful,1,6275
appointed,1,6276
inherits,1,6277
officer,1,6278
Vigorous,1,6279
insight,1,6280
casements,1,6281
risking,1,6282
wretchedly,1,6283
excites,1,6284
utterance,1,6285
overcoming,1,6286
Bird,1,6287
patronage,1,6288
slumbering,1,6289
moral,1,6290
amendment,1,6291
perusal,1,6292
remarks,1,6293
intellect,1,6294
dying,1,6295
zigzags,1,6296
reflecting,1,6297
tyrannic,1,6298
inhabited,1,6299
survive,1,6300
loth,1,6301
laurels,1,6302
chatted,1,6303
brewing,1,6304
indicate,1,6305
connecting,1,6306
texts,1,6307
disguised,1,6308
checker,1,6309
steeper,1,6310
fondest,1,6311
lowly,1,6312
educating,1,6313
abruptness,1,6314
lock,1,6315
vouches,1,6316
tremblings,1,6317
satin,1,6318
insult,1,6319
workbags,1,6320
routine,1,6321
beheld,1,6322
stabbed,1,6323
equipped,1,6324
discussing,1,6325
ladylike,1,6326
reputation,1,6327
pen,1,6328
sleek,1,6329
unfelt,1,6330
Concession,1,6331
demanded,1,6332
equals,1,6333
Except,1,6334
irrational,1,6335
executing,1,6336
foresight,1,6337
shaded,1,6338
workbasket,1,6339
Keep,1,6340
ridicule,1,6341
Brown,1,6342
softest,1,6343
controul,1,6344
houseroom,1,6345
shopping,1,6346
dreaming,1,6347
pointing,1,6348
threadbare,1,6349
brightest,1,6350
engages,1,6351
proudly,1,6352
credulity,1,6353
waltzes,1,6354
Pilfering,1,6355
walker,1,6356
stolen,1,6357
lifted,1,6358
Deceived,1,6359
hearty,1,6360
collation,1,6361
precaution,1,6362
Smiths,1,6363
headaches,1,6364
involve,1,6365
extended,1,6366
analogy,1,6367
dish,1,6368
copy,1,6369
concession,1,6370
misspent,1,6371
novelties,1,6372
plump,1,6373
infantry,1,6374
languid,1,6375
efforts,1,6376
mixing,1,6377
ennui,1,6378
garters,1,6379
tooth,1,6380
seasonable,1,6381
nodded,1,6382
Supper,1,6383
dancers,1,6384
flocks,1,6385
untouched,1,6386
cellery,1,6387
drain,1,6388
pretended,1,6389
elbow,1,6390
commend,1,6391
admission,1,6392
Grandpapa,1,6393
Wallises,1,6394
Amiable,1,6395
inelegance,1,6396
hinting,1,6397
distaste,1,6398
sleety,1,6399
purposes,1,6400
stockings,1,6401
grievous,1,6402
follows,1,6403
apothecary,1,6404
spreading,1,6405
packet,1,6406
engrosses,1,6407
superadded,1,6408
strikingly,1,6409
wrist,1,6410
excess,1,6411
implanted,1,6412
muslins,1,6413
plainest,1,6414
attained,1,6415
failures,1,6416
introduces,1,6417
knives,1,6418
impolite,1,6419
enduring,1,6420
bushel,1,6421
Wiltshire,1,6422
contents,1,6423
dressing,1,6424
creditable,1,6425
Birth,1,6426
closely,1,6427
provoke,1,6428
Wrapt,1,6429
shedding,1,6430
veneration,1,6431
unspent,1,6432
author,1,6433
explains,1,6434
dismay,1,6435
undue,1,6436
desponding,1,6437
vigour,1,6438
Clara,1,6439
attract,1,6440
palliate,1,6441
retire,1,6442
reserves,1,6443
preserves,1,6444
weighs,1,6445
void,1,6446
efficacy,1,6447
damps,1,6448
management,1,6449
gammon,1,6450
drugs,1,6451
timid,1,6452
oppressed,1,6453
scornful,1,6454
undertaken,1,6455
Hymen,1,6456
grievously,1,6457
perplexed,1,6458
measured,1,6459
feeding,1,6460
weighing,1,6461
twofold,1,6462
lingering,1,6463
hop,1,6464
assistant,1,6465
charges,1,6466
listeners,1,6467
lighted,1,6468
circular,1,6469
nourishing,1,6470
exchanged,1,6471
gayest,1,6472
availing,1,6473
Mystery,1,6474
raving,1,6475
wandering,1,6476
festivity,1,6477
lurking,1,6478
tend,1,6479
slavery,1,6480
melodies,1,6481
Towards,1,6482
coarser,1,6483
eatable,1,6484
prohibited,1,6485
eventually,1,6486
circulate,1,6487
presuming,1,6488
devote,1,6489
adversary,1,6490
mud,1,6491
Peculiarly,1,6492
curs,1,6493
plantation,1,6494
cheerless,1,6495
Witness,1,6496
dreamt,1,6497
library,1,6498
defeat,1,6499
saddle,1,6500
obtruding,1,6501
plotting,1,6502
cogitation,1,6503
diet,1,6504
feeble,1,6505
enliven,1,6506
carte,1,6507
whiten,1,6508
Dearer,1,6509
Walk,1,6510
mortals,1,6511
penetrate,1,6512
ensued,1,6513
absented,1,6514
greatcoat,1,6515
teaches,1,6516
repast,1,6517
Wakefield,1,6518
helping,1,6519
traffic,1,6520
nestled,1,6521
snows,1,6522
specious,1,6523
survey,1,6524
coughing,1,6525
bias,1,6526
extinction,1,6527
sacks,1,6528
background,1,6529
Former,1,6530
inflicted,1,6531
varying,1,6532
hated,1,6533
converse,1,6534
Command,1,6535
petticoats,1,6536
combine,1,6537
puppies,1,6538
unmirthful,1,6539
cherries,1,6540
term,1,6541
gladness,1,6542
heap,1,6543
descried,1,6544
Referring,1,6545
acquiesced,1,6546
speedy,1,6547
attendant,1,6548
Astonished,1,6549
decides,1,6550
pink,1,6551
Supposing,1,6552
powerless,1,6553
cart,1,6554
retaining,1,6555
market,1,6556
contend,1,6557
publicity,1,6558
bravado,1,6559
remedy,1,6560
ing,1,6561
deafness,1,6562
invalids,1,6563
consents,1,6564
outrage,1,6565
appease,1,6566
Too,1,6567
Dublin,1,6568
contribute,1,6569
sack,1,6570
mornings,1,6571
edition,1,6572
vouch,1,6573
bosom,1,6574
avert,1,6575
impudence,1,6576
glorious,1,6577
Wish,1,6578
prosing,1,6579
coach,1,6580
dryness,1,6581
bounded,1,6582
fetches,1,6583
apparatus,1,6584
drops,1,6585
innocent,1,6586
estimable,1,6587
guinea,1,6588
waverings,1,6589
underbred,1,6590
estimated,1,6591
accounted,1,6592
permission,1,6593
Intimacy,1,6594
debt,1,6595
Approve,1,6596
dexterity,1,6597
audible,1,6598
sting,1,6599
slackened,1,6600
rubber,1,6601
confidant,1,6602
periods,1,6603
grandpapas,1,6604
muslin,1,6605
pet,1,6606
respite,1,6607
correctly,1,6608
hasten,1,6609
stipulate,1,6610
unequalled,1,6611
wording,1,6612
caresses,1,6613
singular,1,6614
protected,1,6615
scold,1,6616
forwarded,1,6617
drawers,1,6618
mat,1,6619
closer,1,6620
Michaelmas,1,6621
lectured,1,6622
Letters,1,6623
Other,1,6624
stating,1,6625
attacking,1,6626
respective,1,6627
standers,1,6628
brightened,1,6629
Used,1,6630
moralising,1,6631
falls,1,6632
educate,1,6633
testifies,1,6634
created,1,6635
